OR1,OR2,OR3,OR4,OR5,OR6,OR7,OR8,OR9,OR10,OR11,OR12,Opod1,Opod2,Opod3,Opod4,Opod5,Opod6,Opod7,Opod8,Opod9,Opod10,PPS1,PPS2,PPS3,PPS4,PPS5,PPS6,PPS7,PPS8,PPS9
1,1,3,1,3,1,3,2,2,1,1,3,1,1,1,4,1,1,1,4,4,1,3,3,3,3,3,3,3,1,3
1,4,5,2,2,4,5,2,5,4,4,4,5,5,5,5,2,1,5,2,4,5,5,5,1,4,5,5,3,1,4
4,2,4,4,4,4,4,5,1,4,4,3,4,4,4,5,1,2,4,3,3,3,4,4,3,3,3,4,2,2,3
1,3,5,1,5,3,5,1,1,5,5,3,5,5,3,5,1,1,5,1,5,5,1,2,1,4,3,5,4,1,5
3,4,5,2,3,4,5,5,5,5,5,5,5,5,3,5,1,1,4,2,4,4,2,2,4,5,3,2,2,1,5
1,1,3,1,3,3,3,3,3,1,1,5,5,5,3,3,1,1,5,3,5,3,4,1,5,1,4,5,5,1,1
3,3,4,2,2,2,4,4,2,4,3,4,5,5,5,5,5,1,5,2,2,5,3,3,3,3,3,3,3,3,3
2,2,4,3,3,4,4,3,3,4,4,4,5,4,4,5,4,3,4,3,4,3,2,4,4,3,3,4,3,1,4
1,5,5,5,3,3,5,4,4,5,1,5,5,5,5,5,1,1,5,2,5,5,3,3,3,4,2,2,2,1,2
1,3,5,3,2,3,2,2,3,3,3,3,5,5,5,5,3,1,3,3,5,5,5,4,1,1,3,4,4,1,5
2,4,4,3,4,2,4,2,4,3,3,3,5,5,5,2,2,1,4,2,4,3,2,2,4,4,2,3,3,4,5
3,4,5,3,4,4,5,5,2,5,4,2,5,5,2,2,2,1,5,3,5,4,3,4,2,4,4,4,3,2,5
5,1,5,5,5,2,3,4,4,5,5,1,5,5,5,5,1,3,5,3,5,5,2,3,2,5,2,2,2,1,5
2,3,4,3,4,3,4,4,2,3,3,4,5,5,4,5,3,2,5,4,3,5,5,4,4,3,3,4,3,4,5
1,2,4,2,3,3,3,4,3,4,4,4,5,5,5,4,2,2,4,4,4,4,2,3,4,3,2,2,3,2,3
1,1,1,1,1,1,1,1,1,1,1,1,5,5,5,3,5,5,1,3,1,3,3,3,3,3,2,4,3,1,5
1,1,4,1,5,1,5,1,1,5,5,5,5,5,5,5,2,1,4,1,5,3,5,3,1,1,5,5,5,1,5
2,2,3,3,4,1,2,3,3,3,3,3,4,4,3,4,3,3,3,3,3,4,3,3,3,3,3,3,3,3,3
5,1,5,5,5,5,5,5,1,5,5,5,5,5,5,1,1,1,5,4,4,5,5,5,4,4,3,4,4,2,5
1,1,5,1,4,2,4,1,5,4,4,2,5,5,2,5,1,1,5,2,5,5,2,3,2,4,3,3,3,1,5
2,2,3,3,4,3,4,3,3,4,4,1,5,5,5,5,1,2,4,3,5,5,3,3,3,3,3,3,3,2,2
1,1,5,1,1,3,5,1,3,4,4,5,5,5,5,5,1,1,5,1,5,5,1,3,1,5,1,3,1,1,1
2,2,5,3,1,1,3,3,3,4,4,5,3,4,3,4,3,3,4,3,3,3,3,3,3,5,3,3,3,1,3
1,2,4,4,2,3,3,3,3,3,3,3,3,3,3,3,3,3,4,4,4,3,5,3,1,2,3,4,2,1,2
4,1,4,4,4,4,4,5,1,5,5,4,5,5,5,4,1,1,5,1,5,5,1,5,4,1,1,2,1,1,4
4,1,5,4,4,3,4,3,2,5,5,5,5,5,1,3,1,1,5,1,3,5,5,4,1,3,3,5,1,1,5
4,2,5,5,4,5,5,5,1,4,4,5,5,5,5,4,3,3,4,3,5,5,2,4,5,5,4,4,2,2,5
2,2,3,4,4,1,3,2,2,4,3,1,5,4,4,4,4,3,5,2,3,3,1,1,3,5,3,3,1,1,5
1,1,5,1,4,1,1,1,1,5,5,5,5,5,5,5,1,1,5,5,5,3,1,3,5,5,3,4,3,1,5
1,1,3,1,1,1,5,1,5,4,4,1,1,1,1,5,1,3,4,4,3,4,1,3,3,2,3,3,3,3,4
4,3,3,4,5,3,4,4,1,1,1,3,3,3,3,2,3,3,3,3,2,3,3,3,3,4,3,3,3,3,4
1,5,3,1,1,1,5,1,4,5,5,5,5,5,5,5,1,1,4,1,5,5,2,2,4,4,2,4,1,1,4
1,1,5,1,3,1,5,1,4,5,5,1,4,5,2,4,1,4,2,5,2,1,1,1,3,4,2,4,2,3,4
1,1,3,5,5,1,4,1,1,5,5,3,5,5,5,3,1,1,5,1,5,5,1,3,3,5,3,4,1,1,4
2,2,4,4,2,4,2,3,3,4,4,4,3,4,3,4,4,3,2,5,4,5,4,5,4,3,3,4,2,1,3
1,1,3,4,4,3,4,1,4,3,3,4,4,4,4,4,2,3,4,3,4,4,4,4,4,2,3,3,4,3,2
2,2,5,2,4,1,5,5,1,5,4,4,5,5,5,5,5,5,3,4,4,4,5,5,5,5,5,5,5,5,5
3,3,3,3,3,2,5,3,5,4,4,3,4,4,4,4,4,3,3,3,3,3,3,3,3,3,3,3,3,3,4
4,4,4,5,5,4,4,4,5,5,5,4,5,5,4,5,1,1,5,4,5,5,3,4,4,3,3,4,3,1,4
4,1,4,5,5,5,5,5,1,4,4,5,5,5,3,4,3,1,5,1,5,5,4,4,4,5,1,5,3,1,5
2,2,3,4,3,3,3,4,2,4,4,4,4,4,4,3,4,3,4,3,3,4,3,3,3,4,3,3,3,2,4
3,4,5,5,5,5,5,5,1,5,5,4,5,5,3,5,1,3,4,5,4,3,1,1,1,5,1,1,1,1,3
2,5,4,5,3,2,4,4,4,3,3,4,5,5,5,5,2,1,5,3,5,3,3,3,3,3,3,3,3,1,5
2,5,4,2,5,3,4,2,4,3,3,4,5,5,5,3,2,2,4,3,3,5,4,4,4,2,3,4,3,2,4
4,4,4,3,3,3,3,3,3,3,4,3,5,5,5,5,1,1,5,5,5,5,3,3,3,3,3,3,3,3,3
3,1,5,3,5,5,3,5,1,5,5,5,1,1,1,1,1,3,1,5,5,3,1,3,5,5,3,3,1,1,5
2,4,4,5,2,4,4,2,4,2,2,2,5,5,5,5,3,1,4,2,4,3,5,5,1,1,3,5,5,1,2
1,3,4,2,3,4,5,3,4,3,3,4,5,4,3,4,4,3,3,4,3,3,3,2,4,4,3,3,3,1,4
1,1,2,4,3,2,4,2,4,3,3,4,5,5,2,4,2,2,5,2,2,5,1,4,2,5,3,4,3,1,2
2,2,5,4,3,5,5,5,5,3,1,3,5,5,5,3,1,3,3,4,4,5,1,3,3,5,3,3,3,1,5
3,4,5,1,3,5,5,2,5,4,4,5,5,5,4,4,1,1,5,1,4,5,3,3,1,1,3,4,1,1,4
2,2,2,1,2,1,1,2,2,5,5,3,5,5,3,2,3,3,2,4,4,5,1,2,4,4,3,3,3,2,4
2,3,3,4,3,3,4,4,3,3,4,4,5,4,4,5,3,2,4,3,4,4,3,3,3,3,3,4,3,2,3
1,4,4,1,5,1,4,1,4,2,2,5,5,5,5,5,1,1,5,5,5,5,2,4,4,2,3,4,3,1,5
1,1,4,1,1,4,5,1,5,3,3,4,4,5,3,5,3,2,4,4,5,5,3,4,1,4,2,3,4,1,3
1,1,1,1,3,5,3,3,4,1,1,3,5,5,5,5,5,5,3,5,5,3,1,1,3,5,1,1,1,1,5
1,1,5,3,5,1,3,1,1,5,5,3,3,4,1,1,1,4,2,5,1,1,1,4,2,4,5,5,3,4,5
4,5,5,5,3,5,5,5,1,5,5,5,5,5,5,4,1,1,5,2,3,3,3,3,3,2,3,4,3,1,4
4,5,5,3,4,3,4,4,5,5,5,5,5,5,5,4,4,1,5,3,5,5,3,4,4,4,2,3,2,1,2
2,2,4,2,5,5,3,3,2,3,4,5,4,4,4,4,4,3,4,3,4,3,1,2,5,4,2,3,1,1,3
1,5,4,3,2,3,2,3,5,4,4,4,5,5,3,5,1,1,5,1,3,5,3,3,2,3,3,4,4,1,3
1,1,1,5,5,1,5,1,1,5,5,5,1,1,1,1,1,5,1,5,1,1,1,5,5,5,3,3,3,1,1
4,5,2,2,2,3,5,2,5,5,5,3,4,4,4,5,2,2,4,4,3,3,4,4,2,5,3,3,3,1,5
4,4,5,3,4,4,4,3,5,5,5,5,5,5,4,5,4,1,5,2,4,3,3,4,1,4,3,5,3,1,1
2,2,5,3,5,2,4,3,3,4,5,4,5,5,5,4,2,2,4,4,4,4,3,3,2,4,3,3,3,1,2
5,3,4,5,3,3,5,5,3,3,5,3,5,5,5,2,5,1,3,1,5,5,3,4,3,4,3,3,3,3,3
1,5,5,3,5,4,5,4,2,5,3,5,5,5,5,1,1,1,5,3,5,5,4,4,3,3,4,4,3,3,5
3,5,4,4,5,2,5,4,5,5,5,3,5,4,4,5,2,3,4,3,4,4,4,3,1,2,4,5,3,1,4
1,1,5,1,5,5,4,2,4,5,5,5,5,5,3,5,2,2,5,2,5,5,2,4,5,4,3,3,3,1,3
1,3,4,1,1,4,2,1,5,5,5,3,4,5,1,1,1,3,4,4,5,3,1,3,3,4,1,1,1,1,5
2,4,4,3,3,3,5,2,5,5,4,3,5,5,3,4,3,2,5,4,4,3,4,4,4,3,2,3,3,1,3
1,1,1,1,1,4,3,4,5,1,1,3,5,5,2,3,1,3,1,5,5,1,2,3,5,1,1,1,1,1,5
1,4,4,1,1,5,3,2,4,4,4,5,5,5,5,3,1,1,5,1,5,4,5,3,1,2,3,5,4,1,5
1,1,5,4,5,4,4,2,2,4,2,4,4,5,4,5,3,1,5,1,3,3,1,4,3,4,3,4,3,1,3
5,1,1,5,5,5,5,5,1,1,1,5,5,5,5,5,1,1,5,1,5,5,5,5,5,1,5,5,5,5,5
2,4,5,3,5,3,5,5,5,5,3,5,5,5,5,5,3,1,5,3,5,5,4,3,3,5,3,4,3,1,5
1,2,5,2,4,2,5,4,5,5,5,4,3,4,2,5,2,4,3,4,2,5,1,3,2,4,2,4,4,1,4
3,4,4,3,5,4,3,3,3,5,5,5,3,3,3,5,3,3,3,5,3,4,4,4,3,4,4,4,4,2,2
3,3,3,2,4,3,4,3,3,3,3,3,3,4,3,4,3,2,4,3,4,4,5,3,1,1,3,4,3,2,4
1,1,3,3,3,4,4,5,3,5,5,4,3,3,3,5,3,2,2,4,5,5,1,1,3,4,3,3,2,1,1
5,1,4,5,5,3,4,4,5,2,3,4,5,4,4,5,1,3,5,4,2,5,1,4,1,4,5,5,2,1,5
5,1,2,5,5,5,5,5,1,2,2,3,3,5,3,4,3,3,5,5,4,5,3,4,4,5,3,3,3,3,4
2,5,2,1,1,5,5,2,5,5,5,5,5,5,5,5,1,1,5,1,5,5,2,4,4,5,5,2,2,1,5
1,2,4,4,3,1,3,3,4,4,4,4,3,4,3,4,4,4,3,4,4,4,2,3,3,5,3,3,2,2,4
2,2,5,4,3,5,4,5,1,1,5,5,5,5,5,1,1,1,5,1,5,3,5,5,1,3,3,5,4,2,4
4,2,2,5,5,5,5,5,1,2,1,4,5,3,2,5,4,1,5,3,4,4,5,5,4,4,4,4,4,1,4
2,2,5,3,4,5,5,4,5,5,5,5,3,5,2,2,2,4,4,5,3,2,2,3,4,5,3,3,4,2,4
1,2,3,1,2,1,4,1,2,1,1,3,4,4,4,5,5,4,2,5,1,4,2,3,5,5,2,2,1,1,5
1,1,3,4,1,3,4,3,4,4,4,4,1,2,2,2,2,5,2,4,1,3,1,2,2,5,4,4,3,3,4
1,1,1,1,5,1,1,1,1,3,3,1,5,5,5,5,1,1,3,1,5,1,1,1,1,5,1,1,3,1,5
1,2,5,3,2,1,4,2,4,4,4,4,4,4,4,3,1,3,4,4,3,3,2,3,3,4,3,3,3,1,4
1,5,5,3,5,1,5,1,5,3,3,5,5,5,5,3,3,3,5,5,5,5,1,1,1,5,1,1,1,1,5
2,3,4,4,1,3,4,3,4,5,5,4,4,4,4,4,3,3,4,2,4,4,4,4,4,5,3,3,2,1,2
1,1,5,1,1,1,5,5,5,5,3,5,5,5,5,5,5,1,5,1,5,5,1,1,1,5,1,1,1,1,1
2,3,4,1,5,4,3,3,4,3,3,5,5,5,2,4,3,2,5,4,2,2,3,3,4,5,3,3,4,1,4
1,5,5,3,5,1,5,5,1,5,5,5,5,5,5,5,1,1,5,1,3,5,3,3,3,4,3,3,4,3,3
5,5,5,5,5,3,5,5,2,5,5,5,5,5,5,5,1,1,4,2,4,5,4,4,4,2,3,5,3,1,5
2,4,4,5,3,3,4,2,4,4,4,3,5,5,4,4,3,2,5,3,4,5,3,4,3,3,3,4,3,1,5
5,3,4,5,4,3,5,5,3,3,1,4,5,4,5,5,4,1,5,3,5,4,3,4,3,3,4,5,2,3,4
3,5,4,1,3,5,5,4,5,5,5,4,5,5,5,4,2,1,5,2,4,5,2,3,3,4,3,4,4,2,4
2,4,4,1,3,2,4,3,4,3,3,4,4,4,3,4,2,4,4,3,4,3,3,3,2,3,4,4,2,1,1
4,5,4,4,4,4,5,5,5,3,3,3,4,5,3,4,4,2,4,2,4,2,3,3,1,2,4,4,2,2,4
3,3,5,3,3,4,3,4,5,3,3,5,5,5,5,4,1,3,5,1,5,5,3,3,3,3,3,5,4,3,3
1,4,4,1,3,5,4,2,4,4,4,4,3,5,2,3,3,3,3,4,4,3,3,3,3,3,3,3,3,3,3
1,1,4,3,3,1,3,2,2,4,4,5,4,4,3,4,2,4,4,4,4,5,3,2,3,4,3,3,2,1,3
3,2,3,5,5,3,5,5,1,1,1,2,5,5,2,4,3,1,5,5,5,5,5,5,1,4,3,5,3,1,2
1,1,3,2,1,1,2,2,2,2,3,3,4,3,3,3,2,2,2,4,3,3,2,3,3,4,3,4,3,2,2
1,5,5,3,5,3,5,3,3,5,5,5,2,2,2,2,2,5,3,5,2,2,3,3,3,3,3,3,3,3,3
1,1,3,4,4,3,3,3,4,3,3,4,4,4,4,3,1,2,3,2,4,4,3,3,3,4,3,4,4,4,4
2,2,4,3,3,4,3,2,3,3,3,4,4,5,4,5,3,4,4,5,3,4,2,3,3,4,3,3,2,2,3
1,5,5,2,1,5,2,5,1,5,2,5,5,5,5,5,1,4,4,5,4,3,1,1,1,5,1,1,1,1,5
1,1,1,1,1,5,1,5,5,5,5,1,3,3,3,3,3,4,2,5,3,2,3,3,2,4,4,4,5,4,4
2,2,5,4,4,4,5,4,4,4,4,4,4,4,2,4,2,4,4,2,4,4,2,4,2,4,4,5,4,1,4
3,2,2,1,3,5,5,4,3,5,3,1,5,5,5,5,1,3,5,1,4,5,5,5,4,5,3,3,3,1,3
5,3,5,5,4,5,5,5,2,4,4,4,5,5,5,4,2,2,5,2,5,5,4,5,5,2,3,4,3,1,5
1,2,3,4,3,3,2,1,4,3,2,4,5,5,3,4,2,2,4,2,4,4,5,3,3,1,3,4,4,1,2
1,1,4,1,1,2,4,2,5,5,1,5,5,5,1,4,1,4,3,5,1,5,2,2,5,5,1,1,1,1,4
1,1,3,2,1,5,1,1,1,3,3,4,5,5,5,5,3,1,5,1,5,5,1,1,3,3,4,5,1,1,3
2,3,2,4,2,2,4,2,4,2,2,4,3,4,2,4,2,4,2,4,4,4,4,2,5,3,5,5,3,1,5
3,1,5,4,4,1,4,4,1,3,4,5,4,5,4,4,4,4,3,3,4,3,3,3,3,4,3,3,3,2,3
1,2,5,2,2,2,4,2,3,4,4,5,4,4,3,4,2,3,4,4,3,2,2,3,4,4,3,3,3,1,4
1,5,4,1,2,3,4,3,5,3,3,3,3,5,3,5,3,1,4,4,1,2,1,2,3,3,3,4,2,1,5
1,3,3,1,5,3,3,2,4,5,5,3,5,5,5,5,5,3,2,3,5,5,1,3,4,5,2,3,1,1,5
5,3,5,3,1,3,3,3,5,5,5,5,3,4,1,1,1,5,2,4,5,3,1,1,1,5,3,3,1,1,3
5,4,5,5,5,5,5,5,1,3,3,3,5,5,1,5,3,1,5,5,5,5,1,1,1,5,3,3,3,3,1
3,4,5,4,3,3,4,4,4,4,4,4,5,5,5,5,3,3,4,3,3,4,3,3,4,4,3,3,3,3,4
3,3,3,4,5,4,3,3,3,3,3,3,5,3,3,5,4,1,4,4,4,4,4,4,3,3,3,3,3,2,3
2,4,5,1,5,3,5,1,5,5,5,5,4,5,3,5,1,1,5,1,5,5,3,3,3,3,3,3,3,3,3
1,5,5,5,3,1,5,3,5,1,1,5,5,5,5,5,3,2,5,2,4,5,1,1,2,5,3,5,4,1,5
4,5,5,5,4,4,3,2,3,5,4,4,5,5,3,4,3,2,4,3,5,5,3,4,3,3,3,3,3,1,5
5,1,3,5,5,5,5,5,2,2,2,2,5,5,5,2,2,2,5,5,5,5,5,5,5,5,5,5,5,5,5
1,1,1,5,3,1,1,1,1,1,1,1,3,3,3,3,3,3,3,3,3,3,3,3,3,3,3,3,3,3,3
1,3,4,2,4,4,5,1,4,4,4,5,3,5,3,4,2,2,4,1,3,4,2,3,4,2,3,3,4,2,3
3,4,5,4,4,3,4,3,4,2,2,3,5,5,5,3,2,1,4,2,4,4,1,3,1,1,3,4,3,1,1
3,3,5,3,3,1,2,5,2,3,3,3,4,4,4,4,3,2,2,3,2,2,2,2,2,4,2,2,2,2,1
1,1,4,1,3,1,3,2,3,5,5,4,2,2,2,3,4,3,5,2,4,3,1,3,2,4,3,4,2,2,3
1,2,5,3,3,2,4,3,5,5,5,3,3,3,3,3,4,5,3,4,5,3,2,4,4,5,3,3,3,1,1
1,3,4,1,4,3,4,1,3,2,3,4,4,4,3,3,2,2,3,2,4,4,2,2,2,2,3,4,2,1,2
1,1,3,1,3,1,3,3,4,3,3,5,3,1,1,4,1,5,2,5,2,1,1,3,3,5,3,3,2,1,5
4,4,4,4,4,3,3,3,4,3,3,3,5,5,5,5,4,4,4,2,4,5,3,3,4,4,3,4,2,1,4
2,4,5,3,1,5,5,3,3,5,5,5,5,5,3,5,5,1,5,3,5,5,2,2,1,3,3,5,1,1,1
2,2,4,3,3,3,2,5,3,3,3,5,4,5,3,3,3,3,3,5,2,1,2,2,5,5,2,2,2,2,5
1,1,5,4,5,5,3,2,5,2,5,5,4,4,3,4,4,3,4,5,4,5,3,4,3,4,5,5,3,2,1
1,2,4,3,3,5,3,3,5,3,2,3,5,4,2,2,3,1,1,3,3,2,3,3,3,3,3,1,1,1,3
3,3,4,4,5,2,3,3,3,3,3,3,5,5,5,5,2,2,5,3,5,5,4,5,1,1,3,5,3,3,1
2,4,4,2,4,4,4,4,2,3,3,3,4,4,4,3,1,1,1,2,3,4,3,3,3,3,3,3,3,3,3
1,5,3,5,5,1,4,5,5,4,5,3,5,3,3,5,5,1,5,3,3,5,1,2,2,5,1,3,3,1,3
1,1,5,1,5,1,5,1,5,5,5,5,5,5,5,5,5,5,3,5,5,3,1,1,5,5,1,3,1,1,5
1,1,1,1,1,1,3,1,1,1,1,4,5,3,3,2,1,1,2,5,1,1,5,1,1,1,2,5,1,1,1
2,3,5,2,3,4,3,2,4,4,3,3,5,5,5,5,1,2,5,2,3,5,3,3,2,4,3,3,3,2,4
1,2,4,3,4,2,5,5,3,1,1,4,4,5,3,4,2,1,5,1,5,4,1,3,4,3,3,3,3,1,4
3,2,2,1,3,5,5,4,3,5,3,1,5,5,5,5,1,3,5,1,4,5,5,5,4,5,3,3,3,1,3
4,2,5,4,4,2,4,5,1,4,4,4,2,5,2,4,4,1,5,4,5,5,2,3,3,4,3,3,3,1,5
3,5,5,5,2,4,5,3,4,5,5,5,5,5,5,5,5,5,2,5,5,3,1,3,5,5,3,5,3,1,2
5,5,5,4,5,3,4,3,5,5,5,5,2,4,3,4,4,3,3,5,4,3,2,3,4,5,3,4,3,3,3
3,3,5,5,5,3,3,3,3,3,4,4,5,5,5,5,1,1,5,5,5,5,3,5,3,3,4,4,4,4,4
4,4,5,5,5,3,5,5,4,3,3,3,3,3,3,4,3,4,4,5,5,5,2,2,2,4,4,3,2,1,1
5,2,4,3,5,4,4,5,2,4,4,1,5,5,4,4,3,2,5,3,4,4,3,4,4,4,4,4,3,1,4
3,3,3,3,3,3,3,3,3,3,3,3,5,5,5,3,4,4,5,3,5,5,3,3,3,3,3,3,3,3,3
5,1,3,5,5,1,5,5,1,2,2,5,5,5,5,5,3,1,5,1,5,5,5,5,5,1,5,5,2,1,1
3,4,3,3,3,4,5,5,4,3,3,4,5,5,3,3,1,1,5,4,3,3,5,5,1,3,4,3,5,1,4
1,2,1,4,1,1,3,2,2,4,4,4,2,2,1,2,2,4,3,5,3,4,1,3,3,5,3,3,3,1,4
3,4,5,3,4,4,4,3,4,4,4,5,4,5,4,4,1,1,5,2,5,5,4,4,1,3,3,4,3,1,4
1,1,3,1,3,3,5,5,1,1,1,5,5,5,5,5,1,3,3,3,3,5,1,3,3,5,5,5,1,1,5
3,4,4,5,3,2,5,4,5,4,3,5,4,5,3,3,3,3,4,2,5,5,3,3,2,5,3,4,2,3,2
2,2,5,3,3,2,3,4,3,4,4,3,3,3,2,4,5,4,3,5,2,4,2,3,3,4,3,3,3,3,1
5,1,5,5,3,1,5,5,1,5,5,3,3,5,1,3,1,3,3,5,5,5,1,1,1,1,1,1,1,1,1
3,3,4,2,3,3,4,3,3,4,4,4,4,5,5,5,1,2,4,2,4,4,3,3,3,3,3,3,3,3,3
3,4,4,4,5,5,4,3,4,5,5,4,5,5,5,4,1,1,5,3,5,4,2,2,3,4,2,2,3,1,5
3,2,5,5,5,5,5,5,2,4,4,4,5,5,5,5,4,1,5,1,5,5,5,5,1,1,4,4,5,1,4
1,2,5,2,2,3,5,2,5,5,5,3,4,4,2,4,2,1,4,4,4,4,3,3,4,4,3,4,3,1,4
5,1,4,3,5,3,3,5,1,2,3,3,5,5,1,2,4,1,4,3,3,5,3,3,5,5,3,3,3,1,4
2,4,4,3,4,4,3,2,4,4,4,4,1,2,2,1,1,2,3,5,2,2,1,2,4,4,3,3,3,1,5
3,3,3,4,3,2,3,3,3,3,3,4,3,3,3,3,2,3,3,4,2,4,3,4,4,4,3,4,2,3,4
2,4,3,5,5,1,5,2,5,5,5,4,5,5,4,5,1,1,5,4,5,4,1,4,4,4,2,3,2,1,5
4,3,5,5,4,3,4,5,2,3,4,4,5,5,5,5,2,1,5,4,5,5,2,2,3,4,3,4,4,3,2
1,1,2,1,5,1,5,5,2,5,5,2,5,5,1,3,1,1,5,1,2,5,3,3,3,3,1,1,1,2,3
5,4,5,5,2,1,5,5,1,5,5,2,5,5,5,5,1,1,5,5,5,5,1,4,5,5,1,1,1,1,5
1,3,3,3,2,4,5,1,5,5,4,5,5,5,3,4,3,2,4,3,4,4,2,4,4,5,3,3,3,2,2
3,3,4,2,4,4,4,3,3,4,4,4,3,4,3,4,1,2,4,3,2,5,4,4,2,3,4,4,2,2,2
1,1,5,1,5,5,5,1,1,5,5,5,5,5,5,5,5,5,5,2,5,5,1,5,2,5,5,5,5,1,5
4,4,4,4,4,4,4,3,4,3,3,4,5,5,5,3,2,4,4,4,4,4,3,3,3,4,3,3,3,2,4
2,2,4,2,5,2,5,4,3,2,4,3,4,5,4,4,1,1,4,3,3,4,4,3,1,1,4,4,3,1,5
5,1,1,5,5,1,5,5,1,1,1,1,5,5,5,1,1,1,5,5,5,5,1,1,1,5,1,1,5,1,1
5,1,5,5,5,1,1,5,1,5,5,5,5,5,5,5,1,1,5,1,5,5,1,3,3,3,3,3,3,3,1
3,4,3,4,4,4,4,4,3,4,3,4,5,4,4,3,2,3,4,3,4,4,2,3,3,3,3,3,3,2,3
1,4,2,2,3,3,4,1,3,4,2,4,5,5,5,5,2,2,4,3,4,4,5,2,3,2,3,4,1,1,4
1,2,5,2,5,1,5,4,1,2,5,5,3,5,3,4,4,1,5,5,5,5,3,5,5,3,5,5,2,3,5
1,4,5,3,3,3,4,2,5,3,3,5,5,5,3,5,2,1,3,1,1,2,3,3,4,3,4,3,3,2,4
3,3,5,5,3,5,5,3,5,5,5,4,5,5,5,3,1,1,5,1,5,5,1,1,1,5,1,1,1,1,5
3,3,5,5,4,4,3,3,3,3,3,3,5,5,5,5,5,1,5,5,5,5,5,5,2,4,3,4,4,1,5
1,2,2,2,5,2,5,3,5,4,4,5,4,4,4,4,1,3,3,5,4,2,1,3,4,3,3,3,3,1,4
1,3,5,3,5,2,5,2,3,1,1,4,5,5,5,5,1,1,3,4,4,5,4,3,3,4,4,4,4,1,1
2,2,3,1,2,1,2,2,3,4,4,3,2,1,1,1,1,5,1,1,1,2,1,1,5,4,3,3,1,1,1
2,2,3,5,4,1,3,2,4,3,3,3,4,4,4,5,2,2,3,3,2,4,2,3,3,3,3,3,3,3,5
1,3,3,5,3,1,4,3,5,4,3,5,5,5,5,3,4,3,2,4,5,5,3,4,4,4,2,4,2,1,2
1,3,4,1,4,2,5,1,5,5,5,5,5,5,2,5,4,1,5,1,3,5,1,3,3,5,3,3,3,1,3
2,4,5,3,3,1,5,4,5,2,3,5,5,5,4,3,3,3,4,4,3,3,3,3,2,5,2,2,2,2,4
1,1,4,2,4,3,3,1,2,2,2,3,4,4,4,4,3,3,3,3,3,4,3,3,3,3,3,3,3,3,3
1,5,5,1,5,2,3,3,2,4,1,1,5,5,5,5,1,5,2,1,5,3,1,3,3,5,2,3,3,1,5
1,1,5,3,1,1,1,1,1,5,5,5,4,4,3,5,5,2,5,3,1,1,1,5,3,5,1,4,2,1,3
1,4,4,2,3,3,4,3,4,5,3,4,5,5,5,5,3,3,4,4,4,4,1,1,3,3,3,3,3,2,4
1,1,3,3,3,1,1,1,1,2,2,4,5,5,5,4,5,2,4,5,3,5,1,1,4,5,4,5,4,1,4
4,1,5,5,5,4,5,5,1,5,4,2,4,4,4,5,1,2,4,1,4,5,3,3,3,5,3,3,3,3,5
1,1,5,3,4,3,3,4,4,4,3,4,3,3,3,4,2,2,3,5,4,4,3,4,3,5,3,4,3,1,3
2,4,5,2,2,4,4,3,4,4,4,5,2,4,4,4,4,3,4,5,4,4,4,4,4,4,4,5,4,3,2
3,4,4,4,3,4,4,3,4,4,4,4,5,5,3,5,1,3,4,2,5,5,2,3,4,4,3,4,4,2,4
3,3,3,4,4,4,5,5,4,4,4,4,5,5,4,5,2,3,5,3,4,3,4,5,3,3,4,4,4,3,3
3,3,4,4,4,3,5,4,3,4,4,3,4,4,2,3,2,2,4,3,3,2,1,3,5,5,3,4,3,2,5
4,2,4,5,4,3,5,5,2,4,4,3,2,2,2,4,4,3,3,3,2,4,3,4,4,4,3,4,4,2,3
2,4,4,4,3,4,4,3,4,4,3,4,4,4,3,3,4,4,4,3,4,4,4,4,2,2,4,4,3,1,4
4,2,5,4,4,4,5,5,2,4,4,5,4,4,2,2,4,2,4,3,4,4,2,3,4,4,2,4,2,2,4
4,2,1,3,5,4,4,4,2,2,1,3,5,5,5,5,1,1,5,2,5,4,5,5,3,1,5,5,5,2,5
5,5,3,5,5,1,5,3,5,3,3,5,5,5,3,5,5,1,5,5,5,5,3,3,3,3,3,3,3,3,3
2,4,5,3,1,3,3,5,5,2,4,4,3,5,3,5,3,3,3,4,2,3,1,1,1,1,2,1,1,1,1
2,4,4,3,4,4,5,4,4,4,4,4,5,5,5,5,5,2,4,4,3,4,4,4,4,2,3,4,3,1,5
4,2,3,3,4,4,4,4,4,2,2,3,4,4,4,5,2,2,4,4,4,4,2,2,4,4,3,3,3,3,4
2,4,4,2,5,4,3,2,4,5,2,4,3,5,2,3,2,2,4,4,5,5,4,5,5,3,4,4,3,1,5
1,5,5,5,5,1,5,5,1,5,1,5,5,5,3,4,1,5,5,5,5,3,3,3,5,4,3,3,3,2,2
1,1,2,4,2,1,4,4,3,3,2,2,3,3,3,4,2,3,3,4,3,3,1,1,1,3,1,1,1,1,1
3,4,5,3,3,1,4,3,3,3,3,5,3,5,3,5,3,4,1,3,3,5,3,3,3,5,3,3,3,3,3
5,1,5,5,5,1,5,5,1,5,1,5,5,5,5,5,5,3,5,1,1,1,1,1,5,5,1,1,1,1,3
1,2,5,3,5,5,5,4,3,5,3,3,5,5,4,5,4,5,5,3,5,5,3,3,3,5,2,3,5,3,4
2,4,5,3,3,4,5,4,5,5,5,4,5,5,4,5,2,2,3,2,4,2,4,3,1,1,2,3,2,2,4
3,3,5,4,5,2,3,3,4,5,5,3,3,4,3,5,3,2,4,3,4,4,2,3,1,5,3,4,3,1,3
2,2,3,4,1,2,3,2,2,1,1,3,5,2,2,3,1,1,4,4,3,3,3,3,3,4,3,3,3,2,5
3,4,5,2,4,5,2,2,4,4,4,5,4,4,4,4,2,2,2,3,4,4,2,4,4,4,2,3,2,1,5
2,2,2,3,1,3,2,1,1,2,2,2,4,4,2,4,1,1,4,2,3,2,2,1,1,4,1,3,2,1,1
2,3,4,2,4,4,5,4,5,4,4,5,5,5,5,5,2,2,5,2,5,5,1,4,4,5,5,5,3,1,3
1,2,5,1,3,5,5,5,1,5,1,5,5,5,5,3,2,2,5,4,4,5,1,1,2,5,1,4,3,1,5
1,3,5,2,4,3,5,1,5,3,3,5,5,5,5,3,1,1,5,3,4,4,2,3,3,5,1,3,3,1,4
3,4,4,3,3,4,3,3,4,3,3,4,4,4,3,4,2,3,4,3,4,3,3,3,3,3,3,3,3,1,4
1,3,4,1,2,4,5,2,4,5,2,4,4,4,2,3,3,3,2,4,4,3,4,3,1,2,4,4,4,2,2
2,2,4,2,4,4,3,2,3,3,3,4,5,5,5,5,2,1,4,1,5,5,5,5,1,2,3,4,1,1,4
5,5,5,5,5,4,3,3,3,3,2,5,1,1,1,5,3,5,1,5,1,1,3,3,3,3,3,3,3,3,3
3,4,4,5,3,5,4,4,5,4,4,3,4,5,3,5,2,3,4,2,5,3,3,4,3,3,3,5,3,1,4
1,2,5,2,2,2,4,4,4,4,4,3,4,5,2,5,1,1,5,4,5,5,4,5,3,1,3,3,3,3,2
3,3,4,4,4,2,3,3,3,3,3,4,4,5,3,4,2,1,5,2,4,4,4,4,2,4,3,4,4,2,5
3,3,4,4,3,3,4,4,3,3,3,4,3,3,3,3,3,3,5,3,4,4,3,3,3,4,3,3,3,2,4
2,2,4,5,3,5,5,2,3,4,4,3,5,5,5,5,1,1,5,3,5,5,5,3,4,1,5,5,5,1,5
5,1,5,5,5,5,5,5,1,1,1,4,5,5,1,5,1,1,5,5,5,5,5,5,3,5,5,5,1,1,3
3,3,2,4,4,3,4,3,2,3,3,3,5,5,5,3,2,4,4,3,5,3,3,3,4,2,3,3,2,1,3
3,4,5,5,2,5,5,3,5,5,5,5,3,5,4,5,2,4,5,5,4,5,2,2,4,5,5,5,2,2,2
1,3,4,5,5,3,5,5,5,2,2,4,3,5,3,3,4,2,4,4,4,5,2,3,2,5,3,3,1,1,3
4,4,5,5,3,5,5,4,2,5,5,5,4,4,4,5,2,2,4,2,4,5,1,3,2,3,4,5,3,1,1
3,5,3,3,2,3,4,4,3,5,5,4,4,4,3,3,4,3,3,4,4,5,3,3,3,4,3,3,3,3,4
3,4,4,3,4,4,4,3,4,4,4,1,4,4,4,5,2,1,5,2,4,4,3,4,2,2,3,4,2,1,4
3,3,5,3,5,5,5,5,5,5,5,5,3,4,3,5,3,3,5,5,5,5,3,5,3,5,3,5,3,1,5
3,4,5,1,3,4,5,3,5,5,5,5,5,5,5,5,3,1,5,2,4,4,3,3,3,4,5,5,2,1,4
2,5,2,4,4,1,4,3,3,2,2,4,5,5,5,5,1,5,5,1,3,4,1,3,3,3,3,3,3,1,1
1,3,5,5,4,3,5,5,5,4,3,3,4,4,4,3,4,4,5,3,3,5,1,3,3,5,3,3,3,3,3
3,4,4,3,3,3,5,3,4,4,2,3,4,4,4,4,1,3,4,2,4,4,2,2,2,2,1,2,2,1,2
2,4,4,3,3,3,5,3,4,5,5,5,5,5,5,5,4,5,4,5,4,4,4,4,5,5,3,5,3,5,5
3,3,5,2,3,2,4,1,2,2,1,2,4,4,4,5,3,2,4,4,4,4,3,3,2,3,3,4,3,1,4
1,4,5,1,1,3,3,1,1,5,5,5,5,5,5,5,3,4,3,4,4,3,3,3,3,2,2,3,2,1,5
4,5,5,5,5,4,5,5,5,5,4,5,4,5,4,3,2,1,4,3,5,4,2,4,2,4,3,3,1,1,5
4,4,5,3,5,4,5,5,3,5,2,4,5,5,5,5,1,1,5,1,5,5,4,3,1,3,3,4,3,2,5
2,4,3,3,3,1,4,1,4,1,3,3,4,4,4,4,2,1,4,1,3,3,3,3,3,3,3,3,3,3,3
1,1,5,2,1,3,3,3,3,3,4,2,5,5,5,4,2,3,4,3,3,4,3,3,3,3,3,3,3,3,3
3,3,5,3,5,3,5,2,5,5,5,5,5,5,5,5,2,3,5,2,5,5,3,5,5,5,3,4,3,1,5
2,3,4,2,2,3,4,2,3,4,4,4,5,4,4,5,2,2,4,2,3,4,4,4,3,3,3,4,4,2,4
3,4,5,3,3,2,5,3,2,3,4,3,5,5,1,4,1,1,4,3,4,2,2,3,4,4,3,3,2,1,2
1,2,3,2,3,3,3,3,4,2,2,3,5,4,3,4,2,3,4,3,3,4,3,3,3,3,3,3,3,3,4
1,1,4,1,1,3,4,3,3,5,5,5,3,5,3,3,1,4,3,4,4,4,3,3,3,3,3,3,3,3,5
1,5,3,3,1,5,5,5,3,3,3,5,5,5,3,5,1,1,5,5,3,5,1,3,5,5,4,4,3,1,5
1,2,3,3,3,3,5,5,4,3,4,4,5,5,5,2,2,1,4,2,2,4,3,3,3,3,3,3,3,3,3
2,4,5,2,4,3,4,2,4,5,5,3,3,4,2,3,2,3,3,3,5,4,4,3,2,2,2,4,4,1,5
2,3,4,4,3,2,3,4,2,3,3,5,5,4,4,4,3,3,4,3,3,3,2,4,3,5,2,3,3,1,4
4,2,4,4,3,2,2,2,2,4,4,4,4,4,3,4,2,2,4,2,3,4,2,2,4,2,3,3,2,2,2
2,4,5,1,3,1,3,1,5,5,5,4,3,5,3,3,1,1,2,3,3,3,1,3,3,1,3,3,3,3,5
2,3,4,2,4,2,4,3,4,2,2,4,5,5,4,3,3,3,5,2,4,5,3,3,3,3,4,4,3,2,3
3,4,5,4,4,1,3,3,4,4,4,4,4,5,4,4,2,3,4,5,4,4,3,4,4,3,4,4,3,2,2
1,3,2,5,3,3,3,4,2,4,4,3,3,5,3,4,2,2,4,3,3,3,1,3,3,3,3,4,3,1,3
1,2,4,3,1,4,3,1,1,4,4,4,4,4,4,4,3,2,4,3,3,4,5,4,1,1,3,4,3,1,3
5,5,5,5,5,1,5,5,1,5,5,5,5,5,5,3,1,1,5,3,5,5,3,4,1,5,5,5,3,1,5
3,5,5,3,3,3,4,4,2,5,4,5,5,5,5,5,3,1,4,3,3,4,3,4,3,3,3,3,3,1,2
1,2,5,5,1,1,1,1,4,5,5,5,4,4,4,5,5,2,2,4,5,5,1,2,5,5,2,4,4,1,5
2,2,4,2,4,4,4,3,4,4,4,2,2,2,2,2,2,5,2,4,2,3,1,1,5,5,1,2,1,1,3
1,2,2,3,5,2,3,3,5,5,3,3,5,5,5,5,3,2,5,3,4,4,3,3,2,4,3,3,3,1,2
2,2,3,4,4,1,3,2,4,4,4,4,4,4,3,3,3,2,4,3,4,5,1,3,3,4,1,2,1,2,4
2,3,3,4,3,2,4,3,4,4,4,3,4,5,4,5,2,2,4,4,2,3,4,3,1,3,4,4,3,1,4
2,2,3,2,3,2,3,2,2,3,3,2,5,5,5,4,2,2,4,3,3,2,3,4,3,3,3,3,3,2,2
2,3,5,3,3,4,3,1,3,4,4,5,5,5,4,5,2,1,5,2,4,3,4,3,4,3,2,2,3,1,3
1,1,3,1,5,4,5,4,4,3,3,3,5,5,5,5,1,1,5,1,5,5,3,3,3,3,3,3,3,1,5
2,5,5,3,4,4,3,2,4,4,4,3,5,5,5,4,4,4,5,4,4,4,4,4,4,4,3,3,3,3,5
1,2,3,5,3,4,3,3,2,4,4,4,3,4,4,5,4,2,5,5,3,3,3,5,2,3,3,3,3,1,4
1,5,5,1,5,3,5,1,5,5,5,5,5,5,5,5,2,2,5,2,5,4,4,5,5,2,3,3,3,1,4
1,1,3,2,5,1,3,2,2,3,3,3,5,5,5,5,3,1,3,5,3,4,3,3,5,3,3,3,3,2,3
1,1,5,2,4,4,4,2,4,5,3,4,4,4,4,4,4,4,4,4,3,4,2,3,3,5,3,3,3,1,1
1,5,5,1,1,1,5,5,1,1,5,5,5,5,1,1,1,1,5,5,3,5,2,2,2,5,2,2,2,1,5
4,5,5,5,5,1,4,4,5,1,1,5,5,5,5,1,1,1,5,4,5,5,1,1,5,5,1,1,1,1,5
1,2,4,5,3,1,4,2,5,4,5,4,4,4,2,2,2,4,5,5,2,4,4,4,4,4,2,4,4,1,2
2,5,5,3,3,2,5,1,5,1,1,5,5,5,4,3,1,1,5,1,5,5,2,3,5,1,3,4,1,1,1
3,3,5,4,5,5,5,3,5,5,5,5,5,5,5,5,1,1,5,2,4,5,3,3,4,4,3,3,3,1,2
1,2,5,3,4,3,3,3,4,4,4,5,3,5,3,3,2,3,4,2,3,4,2,4,4,4,3,3,4,3,4
1,1,5,3,1,1,3,1,2,3,3,4,2,4,2,3,3,1,4,3,4,3,1,2,3,4,3,4,3,1,1
2,4,4,3,3,2,3,2,4,4,4,4,4,4,4,4,2,4,3,3,4,4,2,3,3,4,3,3,3,2,2
2,3,3,2,3,2,4,4,2,3,3,4,5,5,5,2,1,1,4,1,4,4,3,3,4,4,2,2,2,1,5
2,2,4,3,4,3,4,3,4,4,4,3,5,5,4,4,2,1,5,2,3,4,3,4,3,3,3,4,3,2,4
5,1,4,4,4,4,2,4,2,5,5,3,5,5,5,5,2,1,4,2,5,5,3,2,4,3,3,3,3,1,5
2,2,4,4,4,2,4,4,4,4,4,4,5,3,3,4,4,4,4,5,3,3,2,2,3,4,3,3,2,1,4
1,3,3,5,3,1,4,3,5,4,3,5,5,5,5,3,4,3,2,4,5,5,3,4,4,4,2,4,2,1,2
3,3,4,2,2,2,2,2,2,3,3,4,5,4,4,5,1,1,4,2,5,5,3,2,4,4,1,2,1,1,4
3,3,4,4,5,3,4,3,3,3,3,3,4,4,4,4,3,2,4,3,4,3,3,3,4,4,3,4,3,1,3
5,3,3,5,3,1,1,5,3,3,3,4,5,5,2,4,1,1,4,3,3,4,4,4,1,2,3,4,3,2,2
2,4,4,3,2,3,3,3,4,4,4,4,5,5,5,2,4,2,4,3,4,4,2,3,2,4,3,3,3,2,2
2,3,5,2,3,2,4,2,3,3,3,3,4,4,4,5,4,2,5,2,3,2,4,4,3,3,4,4,4,4,2
1,4,5,3,3,1,4,1,5,5,5,4,5,5,5,3,1,4,4,5,4,5,4,4,3,1,4,4,4,2,4
3,4,4,5,3,3,4,5,4,2,3,4,4,5,4,4,1,4,3,3,4,3,2,4,1,4,2,3,1,1,4
3,3,4,2,4,3,4,4,3,5,5,3,2,1,1,3,4,4,2,4,3,3,3,3,5,4,3,2,3,1,5
1,1,4,1,5,1,5,1,1,5,5,5,5,5,5,5,2,1,4,1,5,3,5,3,1,1,5,5,5,1,5
1,1,3,1,5,1,5,4,5,4,4,3,5,5,4,1,1,1,5,1,5,5,1,4,4,5,1,1,1,1,1
1,3,3,3,3,1,2,1,1,3,3,3,3,5,3,3,1,1,3,5,3,3,1,3,3,1,3,3,3,2,5
5,1,5,5,5,5,5,5,1,1,1,1,5,5,5,3,1,1,5,1,5,5,3,3,5,2,1,4,3,1,2
1,5,5,3,3,4,4,4,4,4,4,5,5,5,2,5,3,5,5,5,5,5,4,4,2,4,3,4,3,1,5
3,5,5,3,5,2,3,3,5,5,5,5,3,3,2,3,4,3,3,4,3,3,2,4,4,5,3,3,4,2,4
5,1,1,5,5,5,5,5,1,3,3,3,5,5,5,5,3,5,5,5,3,3,3,3,3,3,3,3,3,3,3
1,2,4,3,4,2,4,3,3,4,4,3,2,3,3,4,4,3,3,4,4,4,4,4,4,4,3,3,2,2,4
1,1,3,3,3,3,3,3,4,3,3,5,4,5,3,4,2,1,3,3,4,4,4,3,3,2,4,4,4,1,1
1,3,4,5,3,1,4,5,3,3,3,1,5,5,5,3,3,1,5,1,5,3,1,4,3,4,3,3,3,1,5
1,1,2,2,2,1,4,2,2,5,1,2,4,5,2,2,1,2,4,4,2,2,1,3,5,2,2,2,3,1,5
3,3,3,5,3,1,5,1,5,5,5,5,5,5,5,1,1,1,3,1,3,3,5,5,1,1,5,5,5,5,5
1,1,5,3,3,1,2,1,1,3,3,4,2,2,2,2,2,4,3,5,2,1,1,3,4,5,3,3,1,1,3
1,1,1,1,1,1,1,1,3,4,1,5,3,3,3,3,2,5,1,5,1,3,1,1,3,5,1,1,1,1,5
1,5,5,1,5,1,5,5,1,5,5,5,5,5,5,1,1,1,5,1,5,1,1,3,5,4,3,3,3,1,5
2,2,5,3,4,3,4,4,3,3,3,3,3,3,3,3,4,3,4,2,3,3,2,2,2,5,2,2,2,1,4
1,1,3,1,2,2,4,2,4,3,3,4,5,4,3,4,2,2,4,3,2,5,3,3,4,4,3,3,3,1,4
4,5,5,5,5,5,5,4,5,4,5,5,5,5,5,3,2,2,5,3,5,5,5,5,5,1,4,5,5,3,5
2,4,5,3,5,5,5,5,2,5,5,5,5,5,5,5,3,1,5,1,5,5,5,5,5,5,5,5,5,5,5
3,3,4,4,4,2,5,5,4,3,3,3,5,5,3,4,4,2,3,2,4,3,3,3,4,2,3,4,3,2,4
5,3,4,5,3,4,5,5,5,5,5,5,5,5,5,5,2,2,5,2,5,5,4,4,5,1,3,4,5,4,2
4,3,4,4,3,4,4,3,3,2,2,4,4,5,4,4,2,2,4,3,4,4,4,4,3,2,2,2,3,3,3
1,1,5,1,3,1,5,1,5,5,5,5,5,5,5,5,3,1,5,3,5,5,1,3,5,5,1,1,1,1,2
1,3,4,3,5,2,2,1,1,1,4,5,5,5,5,3,2,1,5,3,4,4,2,3,5,5,2,3,2,2,4
1,1,5,1,1,4,3,1,3,5,5,5,5,5,5,4,4,1,4,3,1,5,4,4,1,2,3,4,4,3,5
3,1,5,5,5,5,4,5,1,3,3,5,5,5,3,4,2,1,5,4,3,4,1,1,1,2,1,1,2,1,1
1,1,5,1,5,1,3,4,3,2,5,5,5,5,5,5,3,1,5,1,5,3,3,3,3,2,1,3,3,1,4
4,4,4,3,3,4,4,4,4,3,3,4,4,5,5,5,5,1,5,3,5,5,3,4,1,1,4,4,4,1,4
1,1,3,3,4,1,4,3,4,5,5,5,3,5,3,3,2,4,2,5,3,4,2,4,4,4,3,3,3,1,5
1,1,4,1,5,4,4,2,4,4,4,4,5,5,2,4,5,5,4,5,4,4,1,3,1,5,1,1,1,1,5
1,1,5,2,3,2,4,2,4,5,5,5,2,2,2,5,3,5,2,4,4,4,1,1,1,4,2,2,2,1,4
1,2,5,3,1,3,3,3,3,3,2,4,3,3,3,4,4,2,3,4,3,3,3,2,4,4,3,4,2,1,2
1,2,5,4,3,4,5,3,5,3,3,3,4,4,3,5,3,3,3,5,3,3,3,4,2,3,4,4,4,1,1
2,2,5,2,5,1,2,5,5,4,4,1,4,4,1,4,1,5,2,2,5,5,4,4,5,5,2,2,2,1,5
3,3,4,4,4,4,4,4,4,3,3,4,5,5,4,4,4,5,5,5,4,4,4,3,3,3,3,3,3,3,3
1,1,3,3,3,1,3,3,1,1,1,3,5,5,5,2,2,3,4,3,3,3,3,3,3,3,3,3,3,3,3
4,4,5,5,5,5,5,4,1,5,5,5,5,5,5,3,2,3,5,4,4,5,5,5,1,5,5,5,5,5,5
5,1,5,4,4,5,5,5,1,1,1,5,5,5,5,5,4,2,4,4,4,4,1,3,3,4,3,3,3,3,3
3,3,5,5,3,2,4,3,3,5,5,4,5,4,4,5,2,2,4,3,4,3,3,4,3,5,3,4,3,2,3
4,3,4,4,3,4,4,4,4,4,4,4,4,5,4,4,4,4,4,4,5,5,4,4,4,4,3,4,4,3,5
2,5,5,3,3,1,3,3,3,3,3,3,4,4,4,4,4,4,4,4,4,4,4,4,4,4,4,4,4,4,1
1,4,5,4,4,2,4,2,4,4,4,2,5,5,5,4,4,4,4,4,4,2,2,1,5,5,2,2,2,1,3
2,4,4,2,4,4,5,3,4,4,3,3,2,2,2,5,2,4,3,4,4,4,3,4,2,4,3,3,3,2,5
1,1,4,3,2,2,5,4,4,5,5,3,3,4,4,4,3,4,4,4,5,3,1,1,4,5,3,3,3,3,4
5,3,1,5,5,5,5,5,5,5,5,1,5,5,5,5,1,1,5,2,5,5,5,5,4,1,4,4,4,1,4
4,2,2,2,4,2,4,2,4,4,4,4,5,5,5,5,2,2,4,4,4,5,3,3,3,4,4,4,2,2,2
2,3,3,3,3,2,3,2,3,3,3,3,4,4,3,3,3,3,3,4,3,3,3,3,3,3,3,3,3,3,4
2,4,3,3,3,2,3,2,4,3,3,4,5,5,5,5,4,1,4,3,3,4,2,3,4,3,4,4,3,1,4
5,1,5,5,5,5,5,5,1,1,1,5,5,1,1,1,1,1,5,1,5,5,3,3,5,5,3,3,3,3,5
3,3,4,3,4,4,4,3,5,4,4,4,4,4,4,4,2,3,4,3,4,4,2,4,3,4,3,4,3,2,5
1,2,5,3,2,1,4,3,4,5,5,4,5,5,4,4,3,1,5,5,4,4,3,3,4,5,4,4,3,2,4
2,5,5,3,2,1,4,3,4,4,4,4,5,5,5,3,1,1,4,1,5,5,1,3,4,5,3,3,3,1,2
2,4,5,4,2,4,5,3,5,4,4,5,5,5,5,2,2,3,4,2,5,5,5,5,1,4,4,5,4,1,1
1,1,5,1,2,1,5,3,4,5,5,5,5,5,1,3,5,5,2,5,1,5,1,3,1,5,3,3,3,2,4
5,3,4,5,5,2,5,5,4,3,3,5,4,4,4,3,3,2,5,4,4,5,3,5,5,4,3,5,4,2,5
5,3,2,5,5,5,5,5,3,3,3,4,5,5,4,5,1,1,5,5,5,5,5,3,5,4,4,4,4,4,3
1,1,4,1,1,1,1,1,1,3,3,5,1,2,1,1,1,5,3,5,1,1,1,3,3,5,3,3,1,1,1
3,5,3,5,2,2,5,4,5,3,3,4,2,3,2,2,1,3,3,2,4,3,2,2,5,4,3,3,2,1,4
3,3,4,3,4,2,4,4,2,4,4,3,5,5,5,5,2,5,5,5,5,5,2,2,4,5,2,2,2,2,5
1,4,5,4,3,4,4,1,4,5,5,4,5,5,4,4,3,3,5,3,4,4,3,3,3,5,3,4,3,3,5
2,2,4,4,4,2,4,2,3,4,4,4,5,4,3,4,4,3,4,5,4,4,4,3,1,2,3,4,2,2,4
5,4,5,5,5,4,5,5,4,5,5,5,5,5,5,5,1,1,5,1,5,5,4,5,1,1,3,5,2,2,4
1,2,3,1,3,1,3,2,2,4,3,3,4,3,3,3,2,3,3,3,3,3,4,4,4,2,4,5,3,2,5
2,5,4,3,3,3,5,5,2,5,2,4,5,5,5,4,2,1,5,3,4,1,1,3,3,4,2,1,3,1,1
1,1,5,1,1,3,3,2,4,4,4,4,2,3,2,3,3,3,4,4,2,3,2,4,5,5,3,3,3,1,4
3,3,5,5,2,1,1,1,4,5,5,5,3,3,3,4,4,3,3,5,3,3,2,1,3,4,3,2,2,1,4
3,3,3,3,4,3,3,3,3,3,3,4,4,4,4,4,3,3,5,4,4,4,3,3,3,3,3,3,3,3,3
2,3,5,2,2,5,5,5,1,3,4,5,5,5,5,5,1,1,5,2,5,5,5,5,2,4,3,3,4,2,4
3,3,3,3,5,3,5,5,3,3,3,5,5,5,5,5,1,1,5,3,3,4,3,3,3,3,3,3,3,2,4
2,4,5,4,3,2,4,2,4,4,4,4,1,4,4,2,2,2,5,1,4,4,2,3,3,4,3,3,3,2,4
4,3,3,5,3,3,3,3,4,4,4,4,5,5,4,5,4,4,4,3,5,4,3,4,3,5,4,4,5,2,3
3,3,3,4,3,3,4,4,3,3,3,3,4,5,4,5,4,3,3,3,4,5,4,4,4,3,4,4,4,2,4
3,4,4,4,2,3,5,4,3,5,5,5,5,5,5,5,3,4,5,2,5,5,3,3,3,4,3,3,3,3,3
1,2,5,2,3,3,3,3,4,4,4,3,5,4,2,3,2,2,4,2,5,4,1,3,3,3,3,3,3,3,5
1,1,3,1,5,3,3,3,4,3,3,4,5,5,5,4,1,1,5,1,5,5,1,3,5,5,3,5,1,1,1
2,4,5,3,3,4,4,3,4,3,3,4,4,4,4,5,1,1,4,3,4,4,3,3,3,3,4,4,2,2,4
2,4,5,5,4,5,3,4,3,4,4,4,3,3,3,5,5,1,5,4,5,5,2,4,4,5,3,4,4,1,5
4,3,2,5,5,5,5,5,5,3,4,4,4,5,5,3,1,1,5,2,4,5,4,4,5,4,3,3,3,3,3
1,5,5,3,4,5,5,2,5,5,5,5,4,4,2,4,2,4,5,3,4,4,2,4,2,4,4,4,2,2,4
1,1,2,5,3,3,3,3,3,4,4,4,4,5,4,5,1,1,5,5,1,1,5,5,5,1,3,3,3,2,5
2,2,5,2,2,2,3,4,4,3,4,5,5,5,5,5,1,1,4,1,5,4,1,3,2,4,3,3,3,2,3
2,2,5,4,3,4,5,5,5,5,5,4,5,3,3,3,1,1,5,4,4,5,5,5,4,3,3,4,4,3,4
1,1,1,1,5,1,4,4,2,5,5,4,3,4,2,2,3,2,3,5,2,5,4,3,4,2,4,4,3,2,3
2,4,3,4,2,4,4,3,4,3,3,3,4,4,3,4,3,3,4,4,5,5,5,4,1,2,3,4,4,2,4
1,1,4,1,1,2,4,1,4,5,5,5,5,5,2,4,2,2,5,5,5,2,1,2,5,5,1,2,1,1,5
2,3,4,3,2,3,3,3,4,5,5,4,4,3,3,3,1,4,5,1,5,5,3,3,2,3,3,3,3,2,3
2,4,5,1,3,4,5,5,4,2,1,3,3,4,3,5,2,2,2,4,2,5,1,3,5,5,4,4,2,1,4
3,3,4,1,4,5,4,2,4,3,3,3,5,5,2,5,1,1,5,2,5,4,5,3,3,1,5,5,5,2,4
1,1,4,2,5,1,5,5,2,2,2,4,5,5,5,5,5,5,5,2,5,5,1,1,4,5,1,5,1,1,5
1,1,3,1,1,1,5,1,5,3,3,5,4,4,4,3,3,3,4,4,4,4,3,3,3,3,3,3,3,3,3
5,1,5,3,3,5,5,5,5,3,3,5,5,5,5,5,1,1,5,1,5,5,5,5,5,3,5,5,3,3,3
1,2,3,5,3,1,5,5,5,2,2,5,5,5,5,5,2,3,4,5,2,2,2,2,5,5,1,1,1,1,5
3,4,4,4,3,4,4,3,4,4,4,5,4,4,4,5,3,2,4,2,4,5,4,4,1,2,4,4,3,1,5
1,2,5,1,1,1,2,1,2,3,1,5,2,5,2,2,3,2,3,4,3,2,1,2,1,5,5,5,2,1,4
1,2,5,2,2,1,2,2,4,3,1,4,5,5,4,5,4,1,4,2,4,4,2,3,2,4,2,3,2,1,2
4,4,5,5,5,2,5,5,4,3,4,4,4,4,4,4,3,3,3,4,4,3,4,4,4,4,2,3,2,1,4
1,1,4,3,2,1,2,1,1,3,3,3,4,4,2,4,2,1,4,3,4,2,1,3,3,5,3,3,3,1,1
3,3,5,5,3,5,5,3,4,5,5,4,5,5,5,5,1,1,5,1,4,4,5,5,3,2,5,5,5,5,4
1,2,3,4,1,2,3,4,1,5,5,4,4,5,5,3,1,1,5,2,4,5,4,4,4,3,3,3,2,1,3
1,1,5,3,4,1,4,5,3,5,5,3,5,5,3,5,1,3,3,5,3,5,2,3,4,4,3,3,2,1,5
1,2,5,1,1,1,5,4,3,5,5,4,3,5,1,3,1,2,4,4,4,4,3,3,2,4,4,2,1,1,5
2,4,5,3,5,5,4,2,4,5,5,4,4,5,4,4,5,4,4,4,5,5,4,4,4,5,5,5,3,1,4
4,4,4,2,4,4,4,4,5,5,5,4,5,5,5,5,1,1,5,2,5,5,3,3,2,4,3,3,3,2,5
2,4,4,5,5,4,4,3,4,2,2,5,5,5,5,5,2,2,4,4,4,4,3,4,5,5,5,5,5,5,5
1,3,4,1,2,1,4,4,5,5,5,3,5,5,4,5,2,1,5,2,3,3,4,3,1,1,3,4,3,2,5
2,4,5,3,1,4,5,5,2,2,2,4,3,4,3,4,2,2,4,4,2,4,4,5,2,4,4,5,3,1,4
3,2,4,3,3,1,3,3,4,4,4,4,5,5,5,3,1,1,5,2,3,4,2,2,4,4,3,4,3,2,5
1,3,5,3,2,1,5,1,3,4,4,5,5,5,5,3,3,3,5,3,2,4,3,3,2,5,4,3,3,3,2
3,3,4,3,2,2,4,3,3,3,3,4,4,4,4,4,2,2,4,4,4,4,1,3,3,4,3,4,3,2,3
5,3,1,5,5,5,5,5,5,5,5,1,5,5,5,5,1,1,5,2,5,5,5,5,4,1,4,4,4,1,4
1,5,3,2,3,3,3,5,2,3,3,3,5,5,3,3,1,3,4,3,4,3,1,3,3,1,3,4,3,1,2
1,5,5,3,5,1,5,3,5,5,3,5,5,5,5,5,5,1,5,1,5,5,1,1,1,5,3,3,1,1,5
1,1,1,1,2,3,1,1,1,2,2,1,4,4,3,5,3,2,1,5,1,3,3,3,3,3,3,3,3,3,3
2,4,3,2,5,2,4,2,4,4,5,2,5,5,4,4,2,1,5,1,5,5,3,3,4,3,3,3,3,1,5
3,5,5,1,4,3,3,3,3,5,5,5,3,3,3,3,3,3,5,5,4,2,2,2,3,3,3,3,3,1,5
2,2,4,3,5,1,5,3,5,4,3,4,5,5,4,4,1,1,5,2,5,3,5,4,2,1,3,5,3,2,5
1,1,5,1,1,1,5,1,5,2,1,5,5,5,1,1,1,1,1,1,1,5,5,5,5,3,1,5,1,1,3
1,1,3,5,3,1,3,1,5,5,5,5,5,3,2,4,1,2,5,4,5,1,1,3,3,5,3,3,1,1,3
3,2,3,4,3,4,3,3,2,3,3,3,4,3,3,3,3,4,3,3,3,4,2,2,2,2,2,2,2,2,2
1,1,5,5,1,1,1,1,1,1,1,5,3,3,3,5,3,1,5,4,5,5,3,3,3,1,3,5,1,1,5
2,2,4,4,2,2,3,2,2,4,4,4,5,5,3,3,2,4,5,3,3,4,2,3,3,4,2,3,2,1,5
1,1,2,2,2,2,2,2,2,2,2,2,4,4,4,5,1,1,3,1,2,2,3,3,2,2,2,2,2,1,1
5,1,5,5,5,5,5,5,1,5,5,5,5,5,5,5,1,1,5,1,5,5,3,3,3,3,3,3,3,3,3
3,3,3,3,3,3,3,3,3,3,3,4,3,3,2,3,3,3,2,3,2,3,3,2,2,3,3,3,3,2,3
1,1,5,1,3,3,5,1,5,5,5,3,3,3,3,3,1,1,5,3,3,1,3,1,1,1,1,1,1,1,3
4,4,5,5,5,5,5,5,4,4,4,4,5,5,5,4,4,3,5,4,4,5,4,4,4,4,4,4,4,3,4
5,3,4,4,3,3,4,3,4,4,4,3,4,5,2,5,3,2,4,2,4,4,4,4,2,3,2,3,3,2,2
3,3,5,4,5,3,4,3,4,4,4,4,5,5,5,5,2,1,5,1,5,3,3,3,3,3,3,4,3,2,5
3,3,5,1,3,3,3,4,2,4,4,5,3,5,2,4,3,1,4,4,4,5,3,4,4,3,2,4,3,2,4
3,3,1,3,3,1,3,3,1,3,3,5,5,5,3,5,3,4,1,5,3,3,1,1,3,4,2,3,2,1,4
3,4,4,2,4,5,4,3,4,3,3,4,4,5,5,5,4,2,4,4,5,5,3,4,4,3,3,3,3,2,3
2,2,5,3,3,1,3,2,2,4,2,4,4,4,3,3,3,3,2,2,4,3,4,3,4,4,2,2,2,1,5
5,3,4,5,3,5,5,5,3,3,3,3,4,4,3,4,2,3,5,4,4,4,3,4,3,4,3,4,3,1,4
4,2,4,4,5,5,5,5,1,1,1,2,5,5,5,5,1,2,5,4,5,4,2,3,3,3,3,3,3,2,3
2,2,5,4,4,2,5,2,3,5,5,5,2,3,1,3,2,4,5,4,3,4,3,4,1,5,3,5,2,1,3
1,2,5,1,3,1,5,2,5,3,3,3,5,5,3,3,1,2,5,2,4,1,3,3,3,5,3,3,3,3,3
3,3,4,3,3,3,4,2,4,4,4,4,3,3,3,4,3,3,4,5,4,4,3,4,2,3,4,4,4,2,4
2,4,5,5,3,4,5,5,1,4,4,4,5,5,5,4,1,1,4,4,5,4,3,4,3,2,4,4,3,2,4
3,1,4,5,3,1,5,5,4,3,3,5,5,5,5,1,1,1,5,1,5,5,1,3,1,5,3,5,3,3,5
3,3,5,5,5,4,5,5,1,3,1,1,5,5,3,5,4,5,3,5,5,5,1,3,4,4,3,3,3,3,3
2,3,4,5,4,4,5,3,3,4,4,3,5,5,4,4,3,2,3,2,5,5,2,4,3,4,3,4,3,2,4
1,1,3,1,5,1,1,2,3,4,4,4,5,5,5,5,5,5,5,5,5,5,2,2,2,2,2,2,2,2,2
2,2,4,2,1,2,4,4,4,5,4,5,4,4,4,4,2,1,4,4,2,2,2,4,4,5,3,3,4,2,1
1,1,5,5,5,1,5,1,1,5,5,5,5,5,5,1,1,1,5,5,5,5,5,5,5,5,5,5,5,1,5
1,4,5,1,1,3,4,1,3,5,5,5,5,5,5,2,1,1,5,2,5,3,1,1,4,4,1,1,1,1,1
4,1,3,5,5,1,5,5,1,5,1,4,5,4,4,5,1,5,5,3,5,5,1,1,1,1,1,1,1,1,1
1,5,5,5,3,5,5,1,5,5,5,5,5,5,5,1,5,1,5,5,5,5,5,5,5,5,5,5,5,1,5
5,2,5,5,5,5,3,4,4,4,4,3,5,4,4,5,3,1,4,2,4,2,2,4,2,5,3,4,3,1,3
5,1,4,5,5,3,3,1,5,5,5,4,5,5,3,1,1,1,5,1,5,5,1,3,4,5,2,4,2,1,3
4,3,2,2,4,2,1,4,3,3,2,4,4,4,4,4,1,3,3,4,3,4,4,3,2,2,3,3,3,2,4
1,3,4,4,3,3,4,3,5,3,3,3,5,5,5,5,2,5,5,2,5,5,3,3,1,5,3,3,3,1,4
1,1,4,4,5,4,4,3,4,4,4,5,2,2,1,3,3,5,3,5,1,1,2,2,4,5,4,4,2,1,5
1,5,1,5,5,1,5,5,1,5,5,1,5,5,5,5,1,1,5,3,5,5,5,4,1,5,3,3,4,4,4
1,5,3,4,3,4,4,2,5,4,4,5,5,5,5,1,1,1,5,2,4,5,2,2,3,2,5,3,2,1,4
4,4,4,5,5,4,4,4,4,4,4,5,5,5,5,4,1,1,4,2,4,5,4,4,2,1,3,4,4,2,4
3,3,5,3,2,4,4,5,5,5,5,5,5,5,5,4,3,4,2,2,3,2,3,4,4,4,4,3,3,3,5
3,5,3,3,3,5,5,5,5,3,3,3,5,5,2,4,1,1,5,3,3,5,5,5,1,1,4,5,4,1,4
3,4,3,4,2,1,4,4,4,3,3,2,4,4,4,4,1,1,2,4,4,4,2,2,4,5,2,2,2,2,4
1,1,5,5,5,1,1,1,1,1,1,1,2,2,2,3,1,1,1,4,4,4,1,1,1,5,1,1,1,1,3
5,3,4,5,5,5,5,3,5,5,3,4,5,5,5,5,3,3,4,1,5,5,5,5,1,3,3,5,3,1,3
2,4,3,1,2,1,3,2,4,4,3,3,4,4,3,4,1,4,4,3,3,3,1,2,2,2,2,2,3,2,4
1,1,5,5,5,1,5,5,1,5,5,5,5,5,5,5,4,1,5,1,5,5,3,5,2,5,5,5,5,5,5
3,5,4,3,5,1,4,2,4,3,3,3,5,5,4,4,1,1,5,4,5,2,1,3,3,4,1,3,1,1,3
4,2,5,4,5,4,4,4,2,5,5,4,5,5,5,2,3,1,5,2,5,5,4,4,3,4,3,3,3,1,2
1,3,5,4,4,1,4,1,2,5,5,5,5,5,5,5,2,1,5,2,3,5,4,4,1,2,5,5,5,1,5
2,2,4,2,3,3,4,5,3,3,2,4,4,3,3,4,2,3,3,3,5,5,3,5,5,3,3,3,3,1,3
4,1,5,5,5,5,5,5,1,3,3,5,4,5,4,2,1,1,5,2,5,5,4,4,2,4,3,4,3,2,4
3,2,4,3,4,4,4,2,3,3,3,3,2,2,2,3,3,3,4,4,3,3,3,4,3,4,3,3,3,3,4
4,4,3,3,3,4,2,3,1,3,2,5,4,4,4,3,4,3,4,3,3,3,4,2,3,4,2,3,2,2,2
1,1,3,4,3,2,4,3,3,3,3,3,5,5,5,1,2,1,5,1,4,4,3,3,3,3,2,2,2,1,2
3,5,5,5,5,5,5,5,5,5,5,5,5,5,5,5,1,2,5,2,5,5,5,5,5,4,5,5,4,1,2
1,3,5,3,4,1,3,1,3,4,4,4,5,5,5,5,2,1,3,1,3,2,1,3,3,3,3,3,3,1,1
2,4,4,4,4,4,5,3,4,4,4,3,5,5,4,5,2,2,5,3,4,4,3,3,3,4,3,3,3,1,3
3,3,4,4,4,3,4,4,3,4,4,4,3,3,3,4,4,3,4,4,4,4,3,4,3,3,3,4,3,2,4
4,2,3,5,3,3,3,4,2,3,3,3,3,4,2,3,2,5,3,3,3,4,3,3,3,4,3,3,3,3,4
4,2,4,4,3,3,3,3,3,2,2,5,4,4,4,4,3,3,4,4,4,3,2,2,3,3,3,3,3,3,3
1,1,5,1,5,1,3,1,1,4,5,5,5,5,5,1,1,1,5,1,3,2,1,3,5,3,2,2,1,1,5
3,3,3,3,4,3,4,3,3,3,3,3,3,3,3,3,3,3,3,5,3,3,3,3,3,3,3,3,3,3,3
2,2,4,4,4,4,3,4,3,3,3,4,5,5,4,4,4,4,5,4,2,4,2,3,3,3,3,3,3,3,5
1,5,5,1,5,3,5,1,5,5,3,5,5,5,5,5,3,1,5,3,5,5,3,3,1,5,1,1,1,1,5
1,3,5,2,5,1,3,2,2,5,5,5,2,5,1,4,3,3,3,5,5,1,1,4,5,5,2,2,1,2,5
1,2,4,3,4,2,4,3,3,4,4,3,5,3,3,4,2,4,3,5,3,4,2,4,4,3,2,2,2,2,3
2,4,3,3,3,2,4,2,4,3,3,3,5,5,5,4,3,3,3,4,3,4,3,3,3,3,3,3,3,3,3
3,5,5,4,4,4,4,4,4,5,5,4,5,5,4,4,2,3,5,3,3,4,3,4,3,4,3,3,3,3,5
1,3,3,5,3,3,5,5,3,5,3,3,5,5,5,5,1,1,5,2,2,5,1,1,5,4,2,2,2,1,1
3,3,4,2,2,1,4,3,3,4,4,2,5,5,5,4,3,1,5,1,5,4,3,4,1,1,5,5,3,1,5
5,1,5,5,4,3,3,5,5,3,3,3,5,5,5,5,2,2,5,2,3,4,3,3,3,3,3,3,3,3,3
2,2,3,2,3,3,3,4,4,3,3,4,3,4,2,3,3,3,4,3,3,3,2,1,4,4,3,3,3,1,4
1,3,3,5,5,3,3,3,3,3,3,3,3,5,3,5,1,3,3,3,5,5,1,3,3,3,3,3,3,3,3
5,1,3,5,5,3,5,5,1,5,5,5,5,3,3,5,3,2,5,4,4,5,1,4,3,4,3,3,3,3,5
2,2,3,5,5,3,4,4,1,3,3,3,4,4,2,4,1,3,3,3,4,4,3,3,3,1,3,3,3,3,4
3,5,3,3,5,4,5,5,3,3,3,3,5,5,5,5,3,1,5,2,5,3,3,4,2,4,3,4,4,2,4
2,3,5,1,4,4,5,2,4,5,5,5,5,1,1,2,4,3,3,5,4,5,3,4,1,4,2,4,2,1,5
2,4,4,2,3,2,4,4,2,3,3,4,4,3,3,3,3,3,4,4,2,2,2,2,2,4,3,3,2,2,4
1,1,4,2,4,3,5,3,5,3,3,5,4,4,3,3,1,1,5,1,5,1,1,1,4,4,3,3,3,3,3
2,4,5,5,3,4,4,2,4,5,4,5,5,5,5,5,1,2,4,4,4,4,2,4,4,5,2,4,3,1,3
2,2,5,3,3,2,4,2,2,4,4,5,4,4,3,4,2,2,2,2,2,4,2,4,3,3,3,4,2,1,4
5,1,4,5,5,1,5,5,1,5,3,5,5,5,5,2,1,3,5,5,1,5,5,5,5,3,5,5,4,3,4
3,5,5,3,4,4,4,5,5,4,4,5,5,5,5,4,2,2,5,4,3,5,4,4,4,2,3,4,4,4,4
2,2,4,3,5,4,4,4,4,2,2,4,5,3,3,5,4,1,4,3,4,3,3,3,2,2,3,3,4,4,4
5,3,5,5,3,1,5,5,3,5,5,2,5,5,5,5,3,3,5,3,3,5,1,3,3,5,3,3,3,3,5
3,3,3,3,5,3,4,3,4,3,3,3,5,5,5,2,5,3,3,4,4,4,3,3,2,4,3,3,3,3,5
4,2,4,4,3,3,3,3,3,2,2,5,4,4,4,4,3,3,4,4,4,3,2,2,3,3,3,3,3,3,3
4,3,3,5,3,5,5,4,3,3,5,4,5,5,5,5,1,1,5,2,5,4,2,5,2,3,3,4,3,1,3
2,2,5,3,3,2,4,3,5,5,3,3,2,2,2,4,3,4,5,4,3,4,1,2,3,4,3,3,3,1,4
2,4,5,5,4,5,5,4,4,4,4,5,5,5,4,4,4,4,3,5,5,5,3,5,3,4,3,4,2,1,5
1,5,3,1,3,5,3,2,4,4,4,3,5,5,4,4,1,3,4,2,4,1,2,2,5,3,3,4,4,1,1
2,5,5,3,2,2,4,5,4,4,3,4,5,5,5,4,2,4,4,4,5,5,3,4,1,5,3,3,3,1,2
3,4,4,4,3,4,4,3,4,4,4,4,5,5,4,4,2,1,4,3,4,4,4,4,2,2,4,4,4,3,4
5,4,5,5,5,5,5,5,4,5,5,5,5,2,2,3,1,3,5,3,4,5,4,5,4,5,3,4,4,2,4
2,4,4,4,4,5,5,2,5,3,3,4,5,5,5,3,1,1,5,2,5,3,3,4,3,4,3,4,3,1,3
1,5,5,5,5,5,3,1,5,5,5,5,5,5,5,5,1,1,5,3,5,3,1,1,1,5,3,3,3,3,3
2,2,2,4,4,4,4,3,3,2,2,2,4,4,4,4,2,3,4,3,4,4,2,2,2,4,1,1,2,2,2
4,3,4,4,4,4,4,4,2,5,5,5,4,4,4,5,2,1,5,1,4,5,2,3,3,3,4,4,3,2,4
5,1,5,5,5,2,4,5,1,5,5,5,5,1,1,5,3,4,4,3,4,4,3,3,3,3,3,3,3,3,3
4,3,5,5,4,4,5,5,3,3,3,5,5,5,5,5,2,2,5,3,5,5,4,4,4,2,3,3,3,4,5
3,4,4,4,5,4,5,4,5,4,4,4,5,3,3,4,5,3,4,4,3,4,2,3,3,4,3,3,3,2,4
3,4,4,4,3,4,4,4,5,4,4,5,5,4,3,5,3,4,4,4,4,5,3,4,4,5,3,4,2,1,3
3,5,4,3,3,1,3,3,3,4,4,4,5,4,4,4,5,2,4,2,3,4,3,3,3,3,3,3,3,3,4
5,1,1,5,5,2,5,5,1,5,5,3,5,5,1,5,1,1,3,2,5,4,2,4,1,4,3,1,1,1,5
1,2,3,4,3,2,4,1,3,4,3,3,4,4,3,3,2,3,4,4,3,3,2,3,4,4,3,4,3,2,4
1,4,3,2,4,1,3,4,2,2,2,3,4,4,4,2,3,2,4,3,4,5,3,3,3,3,3,3,3,2,4
4,3,4,3,4,1,3,4,3,3,2,3,4,5,3,4,2,3,2,4,3,5,1,4,3,5,3,4,2,3,5
2,3,4,2,4,2,4,2,2,1,1,1,5,5,5,4,1,2,5,3,4,4,2,2,5,5,5,4,4,2,4
1,2,5,4,5,5,5,2,4,5,5,4,4,3,3,4,4,5,3,5,4,5,2,3,3,3,3,3,2,1,5
5,1,5,5,5,5,5,5,1,5,5,5,5,5,5,1,3,1,1,5,3,4,3,3,2,5,2,3,1,1,5
5,5,5,5,4,4,4,4,4,4,4,4,4,5,3,4,5,3,4,5,3,4,5,4,4,3,3,4,5,4,4
3,4,4,5,4,5,5,4,4,3,3,4,2,2,2,3,1,1,3,1,3,3,1,2,1,2,2,2,1,1,1
5,3,4,4,5,5,5,5,2,5,5,5,5,5,5,5,1,1,5,1,5,5,4,4,3,3,3,3,2,2,4
2,4,5,3,3,3,4,3,5,5,5,4,4,3,3,4,2,3,3,3,2,4,4,4,4,3,3,4,3,1,4
2,3,4,4,4,2,4,3,4,3,3,4,4,4,4,4,2,2,4,3,4,4,4,4,2,4,3,3,3,2,4
