worker_class,education,MARSUPWT,migration_msa,migration_region,weeks_worked,year
Federal government,Some college but no degree,1578.65,?,?,52,95
Private,Associates degree-academic program,3036.87,?,?,52,95
Private,Masters degree(MA MS MEng MEd MSW MBA),4019.21,Nonmover,Nonmover,52,94
Private,Some college but no degree,243.15,Nonmover,Nonmover,40,94
Not in universe,7th and 8th grade,814.16,Nonmover,Nonmover,0,94
Private,High school graduate,1031.98,Nonmover,Nonmover,52,94
Local government,10th grade,882.56,?,?,26,95
Not in universe,Bachelors degree(BA AB BS),867.48,?,?,0,95
Federal government,High school graduate,1623.98,?,?,52,95
Private,High school graduate,2237.84,Nonmover,Nonmover,52,94
Private,9th grade,3040.78,?,?,52,95
Not in universe,7th and 8th grade,1693.48,?,?,0,95
Self-employed-not incorporated,High school graduate,1745.95,Nonmover,Nonmover,52,94
Self-employed-not incorporated,7th and 8th grade,2846.85,?,?,49,95
Self-employed-incorporated,Associates degree-academic program,1392.96,?,?,52,95
Private,High school graduate,1821.01,?,?,39,95
Private,High school graduate,1815.02,?,?,52,95
Private,Some college but no degree,1741.8,Nonmover,Nonmover,49,94
Not in universe,High school graduate,1811.05,MSA to MSA,Same county,52,94
Not in universe,Some college but no degree,3297.07,MSA to nonMSA,Different county same state,0,94
Local government,High school graduate,859.33,?,?,46,95
Not in universe,Some college but no degree,1576.68,?,?,12,95
Self-employed-not incorporated,Associates degree-academic program,1806.34,?,?,40,95
Private,Some college but no degree,2502.41,Nonmover,Nonmover,0,94
Not in universe,High school graduate,1572.7,Nonmover,Nonmover,0,94
Private,Some college but no degree,653.98,?,?,48,95
Private,10th grade,2966.48,?,?,50,95
Private,Some college but no degree,1730.53,?,?,26,95
Private,High school graduate,887.05,Nonmover,Nonmover,26,94
Private,High school graduate,1498.85,?,?,52,95
Private,Associates degree-academic program,2664.72,?,?,52,95
State government,Some college but no degree,3709.52,MSA to MSA,Different region,52,94
Not in universe,Associates degree-occup /vocational,1821.17,Nonmover,Nonmover,0,94
State government,High school graduate,736.01,Nonmover,Nonmover,52,94
Not in universe,High school graduate,1449.79,Nonmover,Nonmover,22,94
Private,7th and 8th grade,598.84,?,?,52,95
Private,High school graduate,836.16,?,?,52,95
Not in universe,Some college but no degree,1207.5,Nonmover,Nonmover,10,94
Self-employed-not incorporated,Some college but no degree,1666.71,Nonmover,Nonmover,12,94
Private,9th grade,1423.23,?,?,52,95
Private,Masters degree(MA MS MEng MEd MSW MBA),809.9,Nonmover,Nonmover,52,94
Not in universe,7th and 8th grade,959.12,?,?,24,95
Not in universe,High school graduate,1698.03,MSA to MSA,Same county,0,94
Federal government,High school graduate,1575.31,Nonmover,Nonmover,52,94
Private,Some college but no degree,2555.62,Nonmover,Nonmover,45,94
Private,12th grade no diploma,459.87,NonMSA to nonMSA,Same county,44,94
Private,Some college but no degree,683.09,Nonmover,Nonmover,40,94
Private,Bachelors degree(BA AB BS),1093.18,?,?,52,95
Not in universe,Masters degree(MA MS MEng MEd MSW MBA),1701.78,Nonmover,Nonmover,0,94
Private,Masters degree(MA MS MEng MEd MSW MBA),1063.76,?,?,52,95
Local government,Bachelors degree(BA AB BS),2021.83,Nonmover,Nonmover,52,94
Not in universe,5th or 6th grade,1068.41,Nonmover,Nonmover,0,94
Private,Some college but no degree,1306.39,?,?,52,95
Private,11th grade,1883.18,Nonmover,Nonmover,50,94
Local government,High school graduate,958.86,Nonmover,Nonmover,52,94
Private,Bachelors degree(BA AB BS),948.75,?,?,8,95
Not in universe,Some college but no degree,1803.84,MSA to MSA,Different state same division,0,94
Private,High school graduate,826.04,NonMSA to MSA,Different county same state,50,94
Private,High school graduate,349.87,MSA to MSA,Same county,52,94
Private,Bachelors degree(BA AB BS),3929.54,?,?,52,95
Local government,Some college but no degree,1796.18,?,?,52,95
Not in universe,9th grade,1801.92,Nonmover,Nonmover,0,94
Self-employed-incorporated,High school graduate,838.7,MSA to MSA,Same county,52,94
Not in universe,High school graduate,1870.64,Nonmover,Nonmover,32,94
Not in universe,High school graduate,1749.88,Nonmover,Nonmover,0,94
Not in universe,Some college but no degree,413.65,?,?,0,95
Not in universe,High school graduate,3254.38,Nonmover,Nonmover,0,94
Local government,Masters degree(MA MS MEng MEd MSW MBA),1829.39,?,?,52,95
State government,High school graduate,1163.96,Nonmover,Nonmover,52,94
Private,1st 2nd 3rd or 4th grade,389.38,MSA to MSA,Same county,52,94
Private,High school graduate,1070.15,?,?,52,95
State government,Some college but no degree,1703.67,Nonmover,Nonmover,52,94
Private,Some college but no degree,2363.53,?,?,51,95
Private,12th grade no diploma,1649.68,MSA to MSA,Different county same state,12,94
Private,Masters degree(MA MS MEng MEd MSW MBA),2355.94,Nonmover,Nonmover,52,94
Not in universe,5th or 6th grade,1876.54,?,?,0,95
Private,High school graduate,2893.03,Nonmover,Nonmover,52,94
Private,Bachelors degree(BA AB BS),1157.55,Nonmover,Nonmover,1,94
Self-employed-incorporated,Masters degree(MA MS MEng MEd MSW MBA),1363.18,?,?,22,95
Not in universe,High school graduate,847.73,?,?,0,95
Not in universe,High school graduate,1142.54,Nonmover,Nonmover,0,94
Self-employed-not incorporated,11th grade,1696.83,Nonmover,Nonmover,52,94
Private,High school graduate,2501.18,Nonmover,Nonmover,52,94
Private,Some college but no degree,1786.79,NonMSA to nonMSA,Same county,52,94
Federal government,Bachelors degree(BA AB BS),4030.44,MSA to MSA,Different county same state,52,94
Not in universe,Masters degree(MA MS MEng MEd MSW MBA),970.94,Nonmover,Nonmover,0,94
Private,Associates degree-occup /vocational,1215.81,Nonmover,Nonmover,52,94
Private,High school graduate,3328.13,?,?,52,95
Private,High school graduate,2853.63,Nonmover,Nonmover,52,94
Private,Masters degree(MA MS MEng MEd MSW MBA),1085.15,?,?,30,95
Not in universe,High school graduate,1321.36,MSA to MSA,Same county,52,94
Self-employed-incorporated,Some college but no degree,2858.44,MSA to MSA,Same county,52,94
Not in universe,1st 2nd 3rd or 4th grade,1089.06,Nonmover,Nonmover,0,94
Not in universe,1st 2nd 3rd or 4th grade,2757.91,Nonmover,Nonmover,0,94
Not in universe,Some college but no degree,1230.52,?,?,12,95
Local government,Bachelors degree(BA AB BS),1507.47,?,?,52,95
Self-employed-not incorporated,High school graduate,5518.43,Nonmover,Nonmover,48,94
Not in universe,Prof school degree (MD DDS DVM LLB JD),1571.76,Nonmover,Nonmover,0,94
Private,5th or 6th grade,3047.08,?,?,52,95
Private,High school graduate,1601.81,Nonmover,Nonmover,50,94
Private,High school graduate,1374.25,?,?,52,95
Private,Bachelors degree(BA AB BS),1236.34,?,?,52,95
Private,High school graduate,2470.66,?,?,24,95
Not in universe,High school graduate,2988.73,Nonmover,Nonmover,0,94
Private,Some college but no degree,3923.65,MSA to MSA,Same county,51,94
Federal government,Bachelors degree(BA AB BS),1448.52,Nonmover,Nonmover,52,94
Not in universe,7th and 8th grade,1074.13,?,?,0,95
Private,High school graduate,2103.28,Nonmover,Nonmover,52,94
Not in universe,Some college but no degree,1013.74,?,?,0,95
Private,Associates degree-occup /vocational,2553.46,?,?,52,95
Private,11th grade,1989.24,Nonmover,Nonmover,0,94
Private,High school graduate,3318.71,?,?,52,95
Self-employed-not incorporated,Some college but no degree,3289.7,Nonmover,Nonmover,40,94
Self-employed-not incorporated,Some college but no degree,1215.77,Nonmover,Nonmover,52,94
Private,Some college but no degree,404.96,MSA to nonMSA,Different region,9,94
State government,Bachelors degree(BA AB BS),843.37,?,?,52,95
Federal government,Masters degree(MA MS MEng MEd MSW MBA),371.69,Nonmover,Nonmover,52,94
Private,High school graduate,1969.22,MSA to MSA,Different state same division,12,94
State government,Bachelors degree(BA AB BS),405.79,Nonmover,Nonmover,52,94
Private,Doctorate degree(PhD EdD),1575.46,Nonmover,Nonmover,52,94
Not in universe,10th grade,1690.5,?,?,0,95
Not in universe,Some college but no degree,1659.32,Nonmover,Nonmover,24,94
Private,Some college but no degree,1366.65,Nonmover,Nonmover,52,94
Not in universe,11th grade,1115.61,Nonmover,Nonmover,0,94
Not in universe,High school graduate,2059.2,?,?,0,95
Private,High school graduate,2501.18,Nonmover,Nonmover,52,94
Not in universe,High school graduate,1344.57,?,?,0,95
Private,Some college but no degree,505.69,?,?,52,95
Private,Bachelors degree(BA AB BS),1079.68,Nonmover,Nonmover,0,94
Private,Associates degree-occup /vocational,1432.06,?,?,48,95
Private,High school graduate,1182.91,Nonmover,Nonmover,52,94
Private,9th grade,1185.3,?,?,48,95
Not in universe,Some college but no degree,1022.91,Nonmover,Nonmover,0,94
Not in universe,High school graduate,1972.38,Nonmover,Nonmover,12,94
Not in universe,High school graduate,427.27,Nonmover,Nonmover,1,94
Private,Some college but no degree,2974.64,?,?,52,95
Private,9th grade,2082.19,?,?,35,95
Self-employed-not incorporated,High school graduate,1910.78,?,?,52,95
Not in universe,Associates degree-academic program,369.59,Nonmover,Nonmover,0,94
Private,Masters degree(MA MS MEng MEd MSW MBA),2005.27,?,?,52,95
Private,Associates degree-occup /vocational,4594.91,?,?,52,95
Not in universe,High school graduate,1668.35,?,?,0,95
Not in universe,High school graduate,2499.72,?,?,0,95
Not in universe,High school graduate,2081.23,Nonmover,Nonmover,0,94
Private,11th grade,1524.81,Nonmover,Nonmover,52,94
Not in universe,Some college but no degree,1696.11,Nonmover,Nonmover,0,94
Private,Associates degree-academic program,1770.89,Nonmover,Nonmover,52,94
Private,High school graduate,1579.47,?,?,32,95
Private,High school graduate,3203.19,?,?,0,95
Private,High school graduate,737.43,?,?,10,95
Not in universe,Some college but no degree,3191.93,Nonmover,Nonmover,4,94
Not in universe,High school graduate,878,Nonmover,Nonmover,0,94
Private,High school graduate,1775.34,MSA to MSA,Same county,52,94
Private,Some college but no degree,938.27,?,?,52,95
Private,Less than 1st grade,432.65,?,?,36,95
Private,Some college but no degree,853.33,Nonmover,Nonmover,52,94
Private,Bachelors degree(BA AB BS),1226.54,?,?,52,95
Not in universe,High school graduate,1934.21,Nonmover,Nonmover,0,94
Not in universe,10th grade,2053.04,?,?,0,95
Private,Some college but no degree,1543.09,Nonmover,Nonmover,52,94
Self-employed-not incorporated,High school graduate,1786.68,?,?,52,95
Self-employed-incorporated,Some college but no degree,1142.67,Nonmover,Nonmover,52,94
Not in universe,High school graduate,1476.51,Nonmover,Nonmover,0,94
Not in universe,High school graduate,2319.18,?,?,6,95
Private,High school graduate,1544.21,?,?,42,95
Private,High school graduate,1199.34,?,?,52,95
Self-employed-not incorporated,Associates degree-academic program,1842.97,?,?,52,95
Not in universe,Bachelors degree(BA AB BS),2012.63,Nonmover,Nonmover,0,94
Private,Some college but no degree,1850.67,?,?,52,95
Private,High school graduate,2779.66,?,?,30,95
Private,High school graduate,2059.98,Nonmover,Nonmover,35,94
Private,High school graduate,1580.47,?,?,52,95
Private,Some college but no degree,1882.07,?,?,52,95
Self-employed-incorporated,Bachelors degree(BA AB BS),2115.41,Nonmover,Nonmover,52,94
Private,Bachelors degree(BA AB BS),871.05,Nonmover,Nonmover,52,94
Not in universe,Some college but no degree,1842.58,?,?,0,95
Private,Some college but no degree,4185.69,Nonmover,Nonmover,52,94
Private,Associates degree-academic program,710.71,?,?,52,95
Self-employed-not incorporated,Bachelors degree(BA AB BS),3314.34,Nonmover,Nonmover,52,94
Not in universe,High school graduate,985.36,Nonmover,Nonmover,0,94
Not in universe,High school graduate,1701.66,?,?,0,95
Local government,Bachelors degree(BA AB BS),1667.1,Nonmover,Nonmover,52,94
Not in universe,Less than 1st grade,4493.99,Nonmover,Nonmover,0,94
Private,Bachelors degree(BA AB BS),3468.9,?,?,52,95
Local government,High school graduate,1893.39,Nonmover,Nonmover,52,94
Private,High school graduate,668.58,?,?,18,95
Federal government,Bachelors degree(BA AB BS),1970.31,?,?,52,95
Federal government,Some college but no degree,2079.45,Nonmover,Nonmover,52,94
Not in universe,Masters degree(MA MS MEng MEd MSW MBA),1176.45,Nonmover,Nonmover,0,94
Private,High school graduate,1941.01,Nonmover,Nonmover,51,94
Not in universe,High school graduate,872.03,?,?,0,95
Not in universe,Doctorate degree(PhD EdD),2857.25,?,?,0,95
Private,Bachelors degree(BA AB BS),2071.06,Nonmover,Nonmover,52,94
Private,10th grade,1174.36,Nonmover,Nonmover,0,94
Not in universe,High school graduate,1424.51,Nonmover,Nonmover,0,94
Not in universe,Bachelors degree(BA AB BS),1671.66,?,?,0,95
Private,High school graduate,2074.07,?,?,52,95
Not in universe,7th and 8th grade,1850.95,MSA to MSA,Same county,0,94
Private,1st 2nd 3rd or 4th grade,2042.44,Nonmover,Nonmover,25,94
Private,Associates degree-occup /vocational,1725.21,?,?,52,95
State government,Bachelors degree(BA AB BS),3087.55,Nonmover,Nonmover,33,94
Private,Bachelors degree(BA AB BS),432.45,?,?,30,95
Private,Bachelors degree(BA AB BS),966.23,?,?,52,95
Private,Associates degree-occup /vocational,3022.84,Nonmover,Nonmover,52,94
Local government,Masters degree(MA MS MEng MEd MSW MBA),2309.51,?,?,52,95
Not in universe,High school graduate,1556.26,?,?,0,95
Private,High school graduate,2373.92,Nonmover,Nonmover,52,94
Not in universe,Bachelors degree(BA AB BS),4446.15,Nonmover,Nonmover,10,94
Private,Bachelors degree(BA AB BS),3531.95,Nonmover,Nonmover,52,94
Not in universe,7th and 8th grade,2534.53,?,?,0,95
Private,High school graduate,2256.64,?,?,47,95
Self-employed-incorporated,Some college but no degree,1221.96,?,?,52,95
Private,Some college but no degree,2128.83,Nonmover,Nonmover,52,94
Local government,Bachelors degree(BA AB BS),1924.92,Nonmover,Nonmover,52,94
Private,Some college but no degree,2720.26,Nonmover,Nonmover,52,94
Private,High school graduate,2230.12,?,?,42,95
Not in universe,High school graduate,560.88,?,?,0,95
Not in universe,7th and 8th grade,1304.26,?,?,0,95
Private,High school graduate,1360.83,?,?,52,95
State government,Some college but no degree,618.72,Nonmover,Nonmover,32,94
Not in universe,5th or 6th grade,2720.65,?,?,0,95
Not in universe,Bachelors degree(BA AB BS),727.03,?,?,0,95
Not in universe,10th grade,1143.35,?,?,2,95
State government,7th and 8th grade,1239.09,?,?,3,95
Not in universe,High school graduate,1570.49,?,?,0,95
Federal government,Bachelors degree(BA AB BS),2744.41,?,?,52,95
Private,Masters degree(MA MS MEng MEd MSW MBA),1757.67,Nonmover,Nonmover,52,94
Private,Some college but no degree,2781.13,?,?,52,95
Not in universe,12th grade no diploma,2215.73,?,?,0,95
Not in universe,High school graduate,1479.95,?,?,0,95
Local government,Associates degree-academic program,2298.97,?,?,50,95
Local government,9th grade,4044.4,Nonmover,Nonmover,18,94
Not in universe,Bachelors degree(BA AB BS),2077.51,Nonmover,Nonmover,0,94
Not in universe,1st 2nd 3rd or 4th grade,3098.7,Nonmover,Nonmover,0,94
Private,High school graduate,1913.96,?,?,52,95
Private,High school graduate,1506.51,?,?,52,95
Not in universe,Some college but no degree,1738.56,?,?,52,95
Not in universe,Masters degree(MA MS MEng MEd MSW MBA),1904.43,?,?,0,95
Not in universe,1st 2nd 3rd or 4th grade,1059.97,Nonmover,Nonmover,0,94
Not in universe,Some college but no degree,1558.03,Nonmover,Nonmover,0,94
Private,High school graduate,2726.1,?,?,52,95
Self-employed-not incorporated,High school graduate,2736.73,?,?,52,95
Private,Bachelors degree(BA AB BS),1979.71,?,?,52,95
Private,Prof school degree (MD DDS DVM LLB JD),1356.9,?,?,52,95
Private,Bachelors degree(BA AB BS),1043.38,Nonmover,Nonmover,27,94
Self-employed-not incorporated,Associates degree-occup /vocational,819.03,?,?,52,95
Not in universe,7th and 8th grade,2761.46,?,?,0,95
Private,High school graduate,431.89,NonMSA to nonMSA,Same county,52,94
Not in universe,10th grade,859.11,?,?,0,95
Private,High school graduate,1055.7,?,?,52,95
Not in universe,High school graduate,1518.67,?,?,0,95
Self-employed-incorporated,Some college but no degree,4220.87,Nonmover,Nonmover,52,94
Private,Some college but no degree,2103.4,Nonmover,Nonmover,52,94
Private,High school graduate,1455.4,Nonmover,Nonmover,52,94
Private,Some college but no degree,1425.47,?,?,52,95
Private,Bachelors degree(BA AB BS),401.55,?,?,52,95
Private,Masters degree(MA MS MEng MEd MSW MBA),3406.54,?,?,52,95
Local government,Bachelors degree(BA AB BS),2992.75,MSA to MSA,Same county,52,94
Not in universe,Associates degree-occup /vocational,1064.05,?,?,26,95
Not in universe,Bachelors degree(BA AB BS),908.31,?,?,0,95
Not in universe,10th grade,3646.67,Nonmover,Nonmover,0,94
Self-employed-incorporated,High school graduate,1027.89,?,?,52,95
Private,Associates degree-academic program,1736.81,?,?,52,95
Private,Some college but no degree,1045.72,?,?,52,95
Private,Some college but no degree,2659.99,?,?,52,95
Local government,Masters degree(MA MS MEng MEd MSW MBA),1002.7,?,?,52,95
Not in universe,Less than 1st grade,1067.21,?,?,0,95
Not in universe,Some college but no degree,1397.98,Nonmover,Nonmover,52,94
Private,Some college but no degree,2112.59,?,?,52,95
Not in universe,12th grade no diploma,1258.85,Nonmover,Nonmover,52,94
Private,High school graduate,1382.57,?,?,35,95
Not in universe,9th grade,1938.79,?,?,0,95
Private,Associates degree-academic program,1922.18,Nonmover,Nonmover,48,94
Private,Some college but no degree,1877.99,?,?,32,95
Private,High school graduate,335.95,?,?,52,95
Private,11th grade,1485.65,?,?,12,95
Private,High school graduate,3476.73,?,?,52,95
Not in universe,High school graduate,228.16,?,?,6,95
Not in universe,1st 2nd 3rd or 4th grade,4406.42,Nonmover,Nonmover,0,94
Not in universe,High school graduate,4010.13,?,?,0,95
Federal government,10th grade,549.31,?,?,52,95
Not in universe,7th and 8th grade,2160.75,MSA to MSA,Different region,0,94
Not in universe,Bachelors degree(BA AB BS),1481.87,Nonmover,Nonmover,0,94
Private,Bachelors degree(BA AB BS),4118.82,Nonmover,Nonmover,52,94
Not in universe,Some college but no degree,1782.98,Nonmover,Nonmover,12,94
Local government,High school graduate,1235.15,Nonmover,Nonmover,39,94
Private,Some college but no degree,2311.86,?,?,52,95
Self-employed-not incorporated,Masters degree(MA MS MEng MEd MSW MBA),1683.3,Nonmover,Nonmover,24,94
Not in universe,10th grade,1878.85,?,?,0,95
Not in universe,7th and 8th grade,1078.56,?,?,0,95
Self-employed-not incorporated,Masters degree(MA MS MEng MEd MSW MBA),3083.41,Nonmover,Nonmover,52,94
Private,High school graduate,3474.63,Nonmover,Nonmover,52,94
Private,Less than 1st grade,1579.05,?,?,52,95
Private,Bachelors degree(BA AB BS),2139.95,?,?,52,95
Local government,Some college but no degree,2228.68,Nonmover,Nonmover,52,94
Not in universe,11th grade,3953.07,Nonmover,Nonmover,0,94
Private,Associates degree-academic program,408.31,Nonmover,Nonmover,52,94
Private,Bachelors degree(BA AB BS),857.14,?,?,40,95
Not in universe,Some college but no degree,545.37,?,?,0,95
Private,High school graduate,435.52,?,?,52,95
Not in universe,High school graduate,1421.89,?,?,0,95
Not in universe,11th grade,2359.79,Nonmover,Nonmover,0,94
Local government,Associates degree-occup /vocational,3216.21,NonMSA to nonMSA,Same county,52,94
Not in universe,High school graduate,2061.71,Nonmover,Nonmover,0,94
Private,High school graduate,1083.9,Nonmover,Nonmover,0,94
Private,Associates degree-academic program,1106.36,?,?,52,95
Not in universe,10th grade,1471.56,?,?,0,95
Private,Some college but no degree,1357.4,?,?,52,95
Private,Some college but no degree,2517.05,Nonmover,Nonmover,48,94
Not in universe,Associates degree-occup /vocational,2373.74,?,?,0,95
Self-employed-not incorporated,High school graduate,3074.28,Nonmover,Nonmover,52,94
Private,Some college but no degree,2873.86,Nonmover,Nonmover,52,94
Private,Associates degree-occup /vocational,2396.38,Nonmover,Nonmover,52,94
Private,High school graduate,1206.08,?,?,52,95
Private,High school graduate,1819.27,Nonmover,Nonmover,52,94
Self-employed-incorporated,Some college but no degree,1639.41,?,?,52,95
Private,11th grade,1165.52,Nonmover,Nonmover,0,94
Private,High school graduate,1137.09,?,?,52,95
Private,High school graduate,3073.75,Nonmover,Nonmover,52,94
Private,High school graduate,895,?,?,0,95
State government,High school graduate,718.08,Nonmover,Nonmover,52,94
Private,High school graduate,1640.68,?,?,52,95
Private,Some college but no degree,2533.8,Nonmover,Nonmover,52,94
Not in universe,High school graduate,1052.79,Nonmover,Nonmover,0,94
Local government,High school graduate,1209.48,Nonmover,Nonmover,52,94
Local government,Some college but no degree,1886.05,?,?,36,95
Private,Bachelors degree(BA AB BS),1531.47,?,?,40,95
Private,High school graduate,4700.52,Nonmover,Nonmover,35,94
Private,Bachelors degree(BA AB BS),1747.35,Nonmover,Nonmover,0,94
Private,5th or 6th grade,778.79,?,?,52,95
Private,High school graduate,3582.54,?,?,52,95
Private,11th grade,3874.62,?,?,40,95
Private,High school graduate,1574.46,Nonmover,Nonmover,52,94
Not in universe,11th grade,1584.34,?,?,16,95
Not in universe,High school graduate,410.75,Nonmover,Nonmover,0,94
Private,Bachelors degree(BA AB BS),1489.51,?,?,52,95
Local government,Some college but no degree,2778.13,Nonmover,Nonmover,52,94
Private,Prof school degree (MD DDS DVM LLB JD),1504.58,Nonmover,Nonmover,52,94
Private,High school graduate,3767.86,?,?,52,95
Private,Some college but no degree,1244.57,Nonmover,Nonmover,52,94
Private,Bachelors degree(BA AB BS),1760.44,?,?,52,95
Private,Bachelors degree(BA AB BS),1629.67,?,?,52,95
Local government,Bachelors degree(BA AB BS),5251.8,?,?,52,95
Local government,Masters degree(MA MS MEng MEd MSW MBA),1911.96,Nonmover,Nonmover,36,94
Not in universe,High school graduate,715.06,?,?,0,95
Not in universe,High school graduate,1105.81,?,?,0,95
Not in universe,High school graduate,1927.31,?,?,35,95
Not in universe,High school graduate,544.32,?,?,0,95
Private,High school graduate,2201.85,NonMSA to nonMSA,Same county,52,94
Private,High school graduate,1854.9,?,?,52,95
Private,9th grade,1037,Nonmover,Nonmover,52,94
Not in universe,Bachelors degree(BA AB BS),2166.58,?,?,0,95
Not in universe,11th grade,1585.23,Nonmover,Nonmover,0,94
Not in universe,High school graduate,695.56,MSA to MSA,Same county,0,94
Private,High school graduate,1887.12,MSA to MSA,Same county,52,94
Private,Bachelors degree(BA AB BS),3644.35,?,?,52,95
Not in universe,Some college but no degree,1725.33,Abroad to MSA,Abroad,0,94
Self-employed-not incorporated,High school graduate,2701.7,Nonmover,Nonmover,52,94
Private,High school graduate,595,Nonmover,Nonmover,52,94
Private,Bachelors degree(BA AB BS),3598.44,Nonmover,Nonmover,52,94
Federal government,Prof school degree (MD DDS DVM LLB JD),1919.58,Nonmover,Nonmover,52,94
Private,High school graduate,2794.31,?,?,52,95
Private,12th grade no diploma,691.81,?,?,15,95
Not in universe,7th and 8th grade,393.39,NonMSA to nonMSA,Different county same state,0,94
Local government,10th grade,3852.22,Nonmover,Nonmover,52,94
Not in universe,7th and 8th grade,2632.17,?,?,0,95
Not in universe,High school graduate,677.46,?,?,46,95
Private,Bachelors degree(BA AB BS),1958.06,?,?,48,95
Not in universe,9th grade,3366.1,?,?,0,95
Private,Masters degree(MA MS MEng MEd MSW MBA),760.98,?,?,4,95
Self-employed-not incorporated,Some college but no degree,1296.19,Nonmover,Nonmover,52,94
Private,High school graduate,3159.09,?,?,52,95
Not in universe,High school graduate,390.14,?,?,0,95
Not in universe,High school graduate,2124.85,?,?,0,95
Not in universe,Some college but no degree,408.67,NonMSA to MSA,Different region,0,94
Private,Bachelors degree(BA AB BS),359.88,NonMSA to nonMSA,Same county,40,94
Not in universe,10th grade,5002.53,Nonmover,Nonmover,0,94
Private,Associates degree-academic program,2290.43,?,?,52,95
Not in universe,High school graduate,1704.82,Nonmover,Nonmover,0,94
Private,Some college but no degree,1075.1,Nonmover,Nonmover,52,94
Private,12th grade no diploma,1850.37,Nonmover,Nonmover,26,94
Private,High school graduate,808.48,Nonmover,Nonmover,52,94
Not in universe,High school graduate,1542.34,NonMSA to MSA,Different county same state,0,94
Without pay,High school graduate,498.77,Nonmover,Nonmover,52,94
State government,Bachelors degree(BA AB BS),779.48,Nonmover,Nonmover,52,94
Private,High school graduate,2308.95,?,?,40,95
Self-employed-not incorporated,Masters degree(MA MS MEng MEd MSW MBA),3199.13,Nonmover,Nonmover,10,94
Private,Some college but no degree,3227.33,?,?,22,95
Private,Some college but no degree,1485.77,Nonmover,Nonmover,52,94
Private,Bachelors degree(BA AB BS),2008.34,?,?,52,95
Self-employed-not incorporated,Associates degree-occup /vocational,1498.23,?,?,50,95
Private,Some college but no degree,1752.46,?,?,0,95
Not in universe,11th grade,1047.2,Nonmover,Nonmover,0,94
Private,Associates degree-occup /vocational,1773.82,Nonmover,Nonmover,52,94
State government,Bachelors degree(BA AB BS),1993.51,Nonmover,Nonmover,0,94
Local government,Some college but no degree,2055.53,Nonmover,Nonmover,52,94
Private,Bachelors degree(BA AB BS),1960.96,?,?,52,95
Not in universe,High school graduate,1260.45,?,?,0,95
Private,7th and 8th grade,697.26,Nonmover,Nonmover,52,94
Not in universe,High school graduate,2835.63,?,?,10,95
Private,7th and 8th grade,1814.84,?,?,52,95
Not in universe,High school graduate,1757.67,Nonmover,Nonmover,0,94
Private,High school graduate,1188.03,?,?,52,95
Not in universe,High school graduate,1146.26,Nonmover,Nonmover,0,94
Private,Associates degree-occup /vocational,2068.55,?,?,50,95
Local government,Some college but no degree,1186.14,Nonmover,Nonmover,52,94
Private,High school graduate,1407.32,?,?,24,95
Local government,11th grade,1358.56,?,?,52,95
Local government,11th grade,651.94,?,?,10,95
Not in universe,11th grade,2092.88,Nonmover,Nonmover,0,94
Not in universe,10th grade,1724.3,Nonmover,Nonmover,0,94
Not in universe,High school graduate,1857.62,?,?,0,95
Private,Bachelors degree(BA AB BS),2309.51,?,?,18,95
Self-employed-not incorporated,High school graduate,1992.17,?,?,52,95
Not in universe,Bachelors degree(BA AB BS),1399.61,Nonmover,Nonmover,0,94
Private,Some college but no degree,1236.01,?,?,50,95
Not in universe,High school graduate,540.06,?,?,0,95
Private,Bachelors degree(BA AB BS),3791.5,?,?,52,95
Private,High school graduate,949.19,Nonmover,Nonmover,52,94
Private,Some college but no degree,1309.32,Nonmover,Nonmover,52,94
Private,Some college but no degree,3178.16,Nonmover,Nonmover,52,94
Private,7th and 8th grade,2299.93,?,?,40,95
Private,High school graduate,403.19,Nonmover,Nonmover,52,94
Private,Associates degree-occup /vocational,2002.43,?,?,42,95
Not in universe,11th grade,2315.55,Nonmover,Nonmover,0,94
Private,High school graduate,792.41,Nonmover,Nonmover,52,94
Not in universe,11th grade,1120.64,?,?,8,95
Private,Some college but no degree,3053.25,Nonmover,Nonmover,20,94
Private,Associates degree-occup /vocational,2134.67,Nonmover,Nonmover,52,94
Private,Bachelors degree(BA AB BS),1926.82,Nonmover,Nonmover,52,94
Not in universe,Some college but no degree,338.66,Nonmover,Nonmover,0,94
Private,High school graduate,1163.87,MSA to MSA,Different region,48,94
Self-employed-incorporated,High school graduate,862.74,Nonmover,Nonmover,6,94
Not in universe,Some college but no degree,1840.04,?,?,8,95
Not in universe,High school graduate,3673.36,Nonmover,Nonmover,0,94
Not in universe,11th grade,2585.25,Nonmover,Nonmover,12,94
Not in universe,Associates degree-occup /vocational,3244.87,?,?,26,95
Private,High school graduate,853.59,Nonmover,Nonmover,52,94
Private,11th grade,1796.63,?,?,35,95
Self-employed-not incorporated,Associates degree-academic program,2175.34,Nonmover,Nonmover,50,94
Not in universe,5th or 6th grade,1180.36,Nonmover,Nonmover,0,94
Private,High school graduate,1844.44,Nonmover,Nonmover,52,94
Self-employed-not incorporated,5th or 6th grade,992.44,NonMSA to nonMSA,Different state same division,52,94
Local government,Some college but no degree,826.72,Nonmover,Nonmover,0,94
Not in universe,5th or 6th grade,1329.49,Nonmover,Nonmover,0,94
Private,Associates degree-occup /vocational,3429.09,Nonmover,Nonmover,0,94
Private,Some college but no degree,2701.8,?,?,50,95
Not in universe,High school graduate,2271.22,Nonmover,Nonmover,43,94
Not in universe,9th grade,381.55,?,?,0,95
Private,10th grade,556.16,MSA to MSA,Same county,52,94
Local government,Masters degree(MA MS MEng MEd MSW MBA),2609.01,MSA to MSA,Same county,52,94
Private,Bachelors degree(BA AB BS),1751.54,?,?,52,95
Self-employed-not incorporated,12th grade no diploma,1140.07,MSA to MSA,Same county,52,94
Not in universe,10th grade,2403.89,Nonmover,Nonmover,0,94
Private,High school graduate,637.55,?,?,52,95
Private,Associates degree-academic program,3586.31,Nonmover,Nonmover,52,94
Self-employed-not incorporated,Bachelors degree(BA AB BS),1143.76,?,?,52,95
Private,12th grade no diploma,3596.19,Nonmover,Nonmover,1,94
Not in universe,Associates degree-occup /vocational,2162.11,?,?,0,95
Private,High school graduate,360.56,Nonmover,Nonmover,52,94
Private,High school graduate,1471.4,?,?,45,95
Not in universe,High school graduate,4511.22,?,?,0,95
Self-employed-not incorporated,High school graduate,3542.87,Nonmover,Nonmover,39,94
Not in universe,Some college but no degree,809.9,Nonmover,Nonmover,0,94
Not in universe,High school graduate,1738.95,?,?,40,95
Self-employed-not incorporated,High school graduate,537.63,?,?,35,95
Not in universe,7th and 8th grade,776.05,Nonmover,Nonmover,29,94
Private,Bachelors degree(BA AB BS),1813.69,Nonmover,Nonmover,52,94
Local government,11th grade,1370.62,?,?,52,95
Self-employed-incorporated,Some college but no degree,3674.05,?,?,52,95
Private,Bachelors degree(BA AB BS),2870.6,MSA to MSA,Different county same state,52,94
Private,Bachelors degree(BA AB BS),3128.63,MSA to MSA,Different region,52,94
Not in universe,High school graduate,3356.66,Nonmover,Nonmover,0,94
Private,Bachelors degree(BA AB BS),2796.95,?,?,52,95
Local government,Some college but no degree,2461.07,?,?,52,95
Self-employed-incorporated,High school graduate,873.17,?,?,52,95
Private,High school graduate,1428.41,?,?,52,95
Not in universe,7th and 8th grade,1320.67,Nonmover,Nonmover,0,94
Private,High school graduate,1389.32,MSA to MSA,Same county,52,94
Private,Bachelors degree(BA AB BS),620.24,NonMSA to nonMSA,Different county same state,30,94
Not in universe,High school graduate,1814.38,?,?,0,95
Not in universe,Bachelors degree(BA AB BS),2471.85,?,?,0,95
Not in universe,Less than 1st grade,2133.29,?,?,0,95
Not in universe,11th grade,2813.63,?,?,0,95
Private,11th grade,1434.76,Nonmover,Nonmover,52,94
Local government,Masters degree(MA MS MEng MEd MSW MBA),498.77,Nonmover,Nonmover,40,94
Private,High school graduate,3045.99,Nonmover,Nonmover,52,94
Not in universe,High school graduate,1808.06,Nonmover,Nonmover,0,94
Not in universe,High school graduate,1823.28,Nonmover,Nonmover,20,94
Not in universe,7th and 8th grade,998.77,Nonmover,Nonmover,0,94
Private,Associates degree-academic program,2726.01,Nonmover,Nonmover,26,94
Not in universe,High school graduate,1071.31,?,?,0,95
Private,High school graduate,2144.73,Nonmover,Nonmover,52,94
Not in universe,Bachelors degree(BA AB BS),4038.23,Nonmover,Nonmover,16,94
Private,High school graduate,1165.52,Nonmover,Nonmover,52,94
Not in universe,High school graduate,1852.3,?,?,0,95
Not in universe,High school graduate,1940.7,?,?,0,95
Not in universe,11th grade,2279.33,?,?,0,95
Private,Less than 1st grade,2361.81,Abroad to nonMSA,Abroad,44,94
Private,Bachelors degree(BA AB BS),4073.11,?,?,52,95
Private,Bachelors degree(BA AB BS),2223.92,Nonmover,Nonmover,52,94
Private,Bachelors degree(BA AB BS),1027.68,?,?,52,95
Not in universe,10th grade,2459.5,Nonmover,Nonmover,0,94
Private,7th and 8th grade,652.1,?,?,52,95
State government,High school graduate,2424.72,?,?,52,95
Private,Bachelors degree(BA AB BS),2779.51,?,?,52,95
Private,Bachelors degree(BA AB BS),1268.49,?,?,52,95
Not in universe,Some college but no degree,2048.12,Nonmover,Nonmover,13,94
Local government,High school graduate,1214.84,?,?,52,95
Not in universe,High school graduate,2210.9,Nonmover,Nonmover,0,94
Private,High school graduate,1108.43,Nonmover,Nonmover,52,94
Private,Bachelors degree(BA AB BS),1648.53,MSA to MSA,Same county,52,94
Private,Bachelors degree(BA AB BS),1322.7,?,?,52,95
Self-employed-not incorporated,High school graduate,989.84,?,?,30,95
Not in universe,1st 2nd 3rd or 4th grade,415.35,MSA to MSA,Different region,0,94
Private,Some college but no degree,1643.56,Nonmover,Nonmover,52,94
Local government,Masters degree(MA MS MEng MEd MSW MBA),2145.45,Nonmover,Nonmover,52,94
Private,High school graduate,366.14,?,?,52,95
Self-employed-incorporated,Bachelors degree(BA AB BS),2536.66,?,?,51,95
Federal government,Bachelors degree(BA AB BS),2126.35,?,?,48,95
Private,Bachelors degree(BA AB BS),1743.29,?,?,52,95
Not in universe,7th and 8th grade,1340.1,?,?,0,95
Local government,High school graduate,3285.54,?,?,52,95
Self-employed-not incorporated,High school graduate,2507.53,Nonmover,Nonmover,52,94
Local government,Bachelors degree(BA AB BS),2370.78,Nonmover,Nonmover,52,94
Not in universe,5th or 6th grade,914.63,?,?,0,95
Private,10th grade,3106.56,?,?,52,95
Not in universe,9th grade,1001.72,Nonmover,Nonmover,0,94
Private,Masters degree(MA MS MEng MEd MSW MBA),4496.87,?,?,52,95
Not in universe,7th and 8th grade,2417.48,?,?,0,95
Not in universe,9th grade,609.05,Nonmover,Nonmover,20,94
Not in universe,High school graduate,507.08,?,?,0,95
Private,Some college but no degree,1015.2,Nonmover,Nonmover,50,94
Self-employed-not incorporated,Bachelors degree(BA AB BS),457.83,?,?,50,95
Not in universe,High school graduate,1635,?,?,0,95
Not in universe,11th grade,1851.36,?,?,0,95
Private,Some college but no degree,1295.52,?,?,52,95
Private,High school graduate,3699.07,?,?,13,95
Federal government,Bachelors degree(BA AB BS),691.33,?,?,26,95
Private,5th or 6th grade,701.46,?,?,52,95
Private,Some college but no degree,1949.66,?,?,52,95
Not in universe,10th grade,1937.99,?,?,0,95
Self-employed-incorporated,Some college but no degree,1818.82,Nonmover,Nonmover,36,94
Self-employed-incorporated,12th grade no diploma,1703.74,?,?,52,95
Not in universe,High school graduate,1274.14,?,?,0,95
Private,Associates degree-occup /vocational,1527.46,Nonmover,Nonmover,52,94
Federal government,Masters degree(MA MS MEng MEd MSW MBA),4042.78,MSA to MSA,Different county same state,52,94
Private,Masters degree(MA MS MEng MEd MSW MBA),1829.7,?,?,52,95
Local government,High school graduate,1040.61,MSA to MSA,Same county,52,94
Private,High school graduate,2743.23,?,?,52,95
Private,11th grade,1531.07,MSA to MSA,Same county,0,94
Self-employed-not incorporated,Some college but no degree,439.94,Nonmover,Nonmover,52,94
Private,High school graduate,3992.09,?,?,52,95
Private,Associates degree-occup /vocational,1277.62,MSA to MSA,Different county same state,52,94
Private,Bachelors degree(BA AB BS),305.36,?,?,52,95
Not in universe,Bachelors degree(BA AB BS),1554.36,Nonmover,Nonmover,26,94
Self-employed-not incorporated,High school graduate,952.99,Nonmover,Nonmover,52,94
Private,High school graduate,1260.02,Nonmover,Nonmover,48,94
Private,High school graduate,1299.84,Nonmover,Nonmover,36,94
Private,High school graduate,1727.63,Nonmover,Nonmover,52,94
Not in universe,Some college but no degree,1133.36,Nonmover,Nonmover,13,94
Not in universe,Bachelors degree(BA AB BS),1270.75,Nonmover,Nonmover,0,94
State government,Doctorate degree(PhD EdD),1344.22,Nonmover,Nonmover,52,94
Private,High school graduate,757.45,Nonmover,Nonmover,52,94
Private,High school graduate,1223.89,?,?,32,95
Private,Some college but no degree,1066.06,Nonmover,Nonmover,52,94
Not in universe,High school graduate,2769.8,Nonmover,Nonmover,17,94
Private,Bachelors degree(BA AB BS),1944.02,?,?,52,95
Private,Some college but no degree,1213.07,?,?,52,95
Federal government,Bachelors degree(BA AB BS),1079.3,?,?,52,95
Self-employed-not incorporated,Associates degree-occup /vocational,354.94,?,?,36,95
Private,High school graduate,1356.26,Nonmover,Nonmover,46,94
Private,High school graduate,402,?,?,52,95
Federal government,High school graduate,1188,Nonmover,Nonmover,52,94
Not in universe,Some college but no degree,2180.87,Nonmover,Nonmover,52,94
Not in universe,Bachelors degree(BA AB BS),2129.43,?,?,0,95
Private,High school graduate,1834.35,Nonmover,Nonmover,52,94
Private,High school graduate,1936.57,?,?,52,95
Local government,7th and 8th grade,4810.4,?,?,52,95
Not in universe,Bachelors degree(BA AB BS),2660.02,Nonmover,Nonmover,0,94
Private,Some college but no degree,2171.43,Nonmover,Nonmover,52,94
Not in universe,10th grade,2506.3,MSA to MSA,Different state same division,0,94
Self-employed-not incorporated,High school graduate,2033.76,?,?,52,95
Not in universe,12th grade no diploma,1657.12,?,?,0,95
Private,High school graduate,2414.85,Nonmover,Nonmover,20,94
Self-employed-incorporated,Prof school degree (MD DDS DVM LLB JD),2491.44,?,?,52,95
Private,Some college but no degree,1800.59,Nonmover,Nonmover,52,94
Private,High school graduate,1789.89,Nonmover,Nonmover,52,94
Local government,Bachelors degree(BA AB BS),1508.35,?,?,52,95
Private,5th or 6th grade,1311.97,MSA to nonMSA,Different state same division,52,94
Private,Masters degree(MA MS MEng MEd MSW MBA),3244.87,?,?,52,95
Not in universe,Some college but no degree,395.19,?,?,52,95
Private,11th grade,1905.57,?,?,52,95
Private,Some college but no degree,1127.23,?,?,52,95
Not in universe,11th grade,2176.64,?,?,0,95
Private,Some college but no degree,1650.96,?,?,52,95
Not in universe,High school graduate,1029.57,?,?,0,95
Private,High school graduate,647.85,?,?,52,95
Local government,Bachelors degree(BA AB BS),1268.22,?,?,41,95
Not in universe,High school graduate,363.44,?,?,0,95
