DS1,DS2,DS3,DS4,TC1,TC2,TC3,LP1,LP2,LP3,LP4,LP5,LP6
1,1,1,1,1,1,1,1,1,1,1,1,1
1,1,1,1,1,1,1,1,1,1,1,1,1
1,1,1,1,1,1,1,1,1,1,1,1,1
1,1,1,1,1,1,1,1,1,1,1,1,1
1,1,1,1,1,1,1,1,1,1,1,1,1
1,1,2,2,1,1,1,1,1,1,1,1,1
1,2,1,1,1,1,1,1,2,2,1,1,1
2,2,2,2,1,1,1,1,1,1,1,1,1
3,2,2,1,2,2,1,1,1,1,1,1,1
1,2,2,3,1,2,2,1,2,1,1,1,1
2,2,2,3,3,1,1,1,1,1,3,3,2
2,1,3,2,4,2,1,1,2,2,2,1,1
3,2,2,2,2,1,2,2,1,3,2,2,2
3,3,1,1,3,1,2,1,2,3,2,2,2
2,2,2,2,2,2,2,2,2,2,2,2,2
2,1,1,3,3,2,2,1,3,1,3,1,3
2,2,2,2,2,2,2,2,2,3,2,2,2
3,2,3,1,3,3,1,2,1,3,2,1,1
3,2,2,2,2,2,2,2,2,2,2,2,2
3,2,2,2,2,2,2,2,2,2,2,2,2
2,2,2,2,3,2,2,2,2,2,2,2,2
3,2,3,2,2,2,2,1,3,2,1,3,3
2,2,2,2,3,2,3,2,2,2,2,2,2
3,3,2,3,2,2,2,2,2,2,2,2,2
3,3,2,2,2,2,2,2,2,2,2,3,3
3,3,2,2,2,2,2,2,2,2,4,2,2
2,2,3,2,2,2,3,3,2,2,2,2,3
1,3,3,2,3,2,2,3,1,3,2,2,3
2,2,2,2,3,3,3,2,2,2,2,2,2
2,2,2,2,2,2,2,3,3,3,3,3,3
1,1,1,1,5,5,5,1,1,1,1,1,1
2,2,2,3,3,3,2,2,2,2,2,3,2
2,2,3,2,2,2,2,3,3,2,3,3,3
2,2,2,2,3,3,3,2,2,2,2,3,2
2,3,2,3,2,2,2,2,3,2,3,3,3
2,2,2,2,3,3,3,3,2,2,2,2,2
2,2,3,2,3,3,3,2,2,2,2,2,2
3,3,2,3,2,2,2,3,2,3,2,3,2
2,3,3,3,2,3,2,2,2,3,2,2,2
2,3,2,2,3,2,2,2,2,2,3,3,4
2,2,3,2,3,3,2,3,3,2,2,2,2
2,2,2,2,3,3,3,2,3,2,2,3,2
2,2,3,3,5,2,3,1,1,1,1,2,3
3,2,2,2,3,2,3,3,2,3,2,3,2
2,3,3,2,3,2,2,3,2,3,3,3,2
2,2,2,2,3,2,4,3,3,2,3,2,2
2,2,3,3,2,2,3,4,2,3,2,3,2
2,3,2,3,2,3,3,3,2,2,2,3,2
2,2,2,2,3,3,3,2,3,2,3,2,3
2,2,4,2,2,2,2,2,4,2,4,2,4
3,2,3,3,2,3,3,2,2,2,2,3,2
2,2,3,2,3,3,3,2,2,3,3,2,2
2,3,3,2,3,3,2,3,2,2,3,3,2
2,2,2,2,4,3,4,2,2,2,2,2,2
2,2,3,2,3,3,3,2,3,2,3,2,3
3,3,3,2,3,2,3,2,2,3,3,2,2
2,3,3,2,3,2,3,3,3,3,2,3,2
2,2,2,4,2,2,4,2,2,4,2,4,2
3,2,3,2,2,3,2,3,3,3,3,3,3
3,3,2,2,3,3,3,2,2,2,2,3,3
3,3,3,3,3,2,2,2,2,3,3,2,3
1,3,3,3,1,3,3,3,3,3,3,3,3
3,3,2,4,2,2,2,4,2,3,2,4,2
4,3,3,4,4,2,4,1,1,1,1,1,1
3,2,2,2,2,3,3,3,3,3,3,3,3
2,3,3,3,2,3,3,2,3,2,3,2,3
2,3,2,2,4,2,3,2,2,3,3,3,3
4,2,3,4,4,2,2,2,2,2,2,2,2
3,2,3,3,2,2,3,2,3,3,3,3,3
2,3,2,4,2,3,2,2,4,2,3,2,4
3,3,3,3,3,3,3,2,2,2,2,2,2
2,2,2,2,3,3,3,3,2,3,3,4,3
3,2,2,3,3,3,3,2,3,3,2,2,3
3,3,3,3,3,3,3,2,2,2,2,2,2
3,3,3,3,3,3,3,2,2,2,2,2,2
3,3,2,3,3,3,2,3,2,3,2,3,3
3,2,3,3,2,3,3,2,3,3,2,3,3
3,3,3,2,3,2,3,2,2,3,3,3,3
3,3,3,2,3,2,3,3,3,3,2,3,2
1,4,2,2,4,3,3,2,1,4,2,3,3
2,2,3,3,3,3,3,3,3,2,3,2,3
2,2,4,2,3,3,3,2,4,2,3,3,2
3,3,3,3,3,3,4,2,3,1,1,2,2
2,3,2,2,3,3,3,3,3,3,3,3,3
2,2,2,3,3,3,3,3,3,3,3,3,3
3,3,2,3,3,3,3,3,2,3,2,3,2
2,2,3,4,3,2,3,3,2,2,4,3,3
3,2,3,1,3,2,3,3,3,4,3,2,5
3,3,2,3,3,3,2,3,3,3,2,3,3
3,2,3,3,3,3,2,3,2,3,3,3,3
2,3,3,3,2,3,3,2,3,4,3,2,3
3,3,3,2,3,3,3,3,2,2,3,3,2
3,3,3,2,3,3,3,3,3,3,2,2,2
2,2,3,2,3,3,3,2,3,4,2,3,4
3,3,3,3,3,2,3,3,2,3,3,2,3
3,3,3,3,4,3,3,2,2,2,2,2,2
3,3,2,3,3,3,3,2,2,3,3,3,3
2,3,3,3,3,2,3,3,3,3,4,2,3
3,3,2,3,3,3,3,3,2,3,2,3,3
3,3,2,3,3,3,3,3,2,3,2,3,3
3,3,3,2,3,3,3,2,3,3,3,3,2
3,3,3,3,3,3,2,2,4,3,3,2,3
3,3,3,3,3,3,3,3,2,2,3,3,2
3,3,2,3,3,3,3,2,3,3,3,3,3
3,3,3,2,3,3,3,3,3,3,3,3,2
3,3,2,3,3,3,3,3,3,3,2,3,3
2,3,3,3,3,3,3,3,3,2,3,3,3
3,2,2,2,4,3,3,3,3,3,3,3,3
3,3,3,2,3,3,3,3,2,3,3,3,3
3,2,3,3,2,3,4,3,3,3,2,3,3
3,3,3,3,3,2,3,3,3,3,3,3,3
3,3,3,3,3,3,2,3,3,3,3,3,3
3,3,3,3,2,3,3,3,3,3,3,3,3
3,3,3,3,3,3,3,2,3,3,3,2,3
3,3,3,3,3,3,2,3,3,3,3,3,3
3,3,3,3,3,3,3,3,2,3,3,3,2
3,3,3,3,3,2,3,3,3,3,3,3,3
3,3,3,3,3,3,3,2,3,3,2,3,3
4,3,2,3,4,2,3,3,3,2,3,2,3
2,2,3,3,4,3,3,2,3,3,3,3,3
4,4,4,2,3,2,2,2,2,3,2,4,4
2,3,3,3,3,3,3,3,3,3,3,3,3
2,3,3,3,3,3,3,3,2,3,3,3,4
3,3,4,3,2,3,3,3,3,2,3,3,3
3,3,3,2,4,4,3,2,3,1,2,3,3
3,3,3,3,3,3,3,3,3,3,2,3,3
3,3,3,3,3,3,3,3,3,3,2,3,3
3,3,3,3,3,3,3,2,4,3,3,2,3
3,3,3,3,4,2,3,2,3,3,3,3,3
3,3,3,3,3,3,3,3,2,3,3,3,3
4,3,4,3,3,3,3,3,3,2,2,2,2
3,3,3,3,3,2,4,2,3,3,3,3,3
4,3,4,3,3,3,3,3,2,2,2,3,2
3,2,3,4,2,3,4,2,3,4,3,2,3
3,3,3,2,3,3,3,3,3,3,3,4,3
3,2,2,2,3,3,3,4,4,3,3,4,4
4,2,4,3,2,3,3,3,3,4,3,2,3
3,3,2,3,3,4,3,3,3,3,2,3,3
3,4,2,4,3,2,2,4,4,2,4,3,3
3,3,3,3,3,3,3,3,3,3,3,3,3
3,3,3,3,4,3,3,2,3,3,2,3,3
3,3,3,3,3,3,3,3,3,2,3,4,3
3,3,2,2,3,3,3,3,4,3,4,4,3
3,3,3,3,4,4,4,2,2,2,2,2,2
3,3,3,3,3,3,3,3,3,3,4,2,3
3,3,3,3,3,3,4,3,2,2,3,3,3
3,3,3,3,3,3,3,4,2,4,2,3,3
3,3,3,3,2,4,3,4,3,3,3,3,2
3,2,2,2,4,3,4,3,3,3,4,3,3
3,4,3,3,2,3,4,2,4,2,4,2,3
3,3,2,3,3,3,4,3,3,3,3,3,3
3,3,3,4,3,3,3,3,3,3,3,2,3
3,3,3,3,3,3,3,3,3,4,3,3,3
3,3,3,3,3,3,3,3,3,3,3,4,3
3,4,3,2,2,3,4,3,4,3,4,2,3
2,2,4,4,3,2,4,3,3,3,3,3,4
3,3,3,3,3,3,3,3,4,3,3,3,3
3,3,3,3,3,3,3,3,4,3,3,3,3
3,3,3,3,3,3,3,3,4,3,3,3,3
4,3,3,4,3,3,3,4,3,2,2,2,3
4,3,4,3,3,3,3,2,3,3,2,3,3
3,4,3,4,2,4,2,3,3,2,3,4,3
3,3,3,3,3,3,4,2,3,3,3,3,3
4,3,3,2,4,3,3,3,3,3,3,3,2
3,3,2,4,4,3,3,3,3,2,3,3,3
3,3,3,3,3,3,4,3,3,2,3,3,3
4,3,3,3,3,3,3,3,3,3,3,3,3
4,3,3,3,3,3,3,3,3,3,3,3,3
4,3,3,3,3,3,3,3,3,3,3,3,3
3,3,3,4,3,3,3,2,3,4,3,3,3
3,4,3,3,3,3,3,3,3,4,3,3,2
4,3,3,3,4,3,3,3,2,2,4,3,2
3,3,4,3,3,3,3,3,3,3,3,3,3
3,3,4,3,3,3,3,3,3,3,3,3,3
3,3,3,4,3,3,3,3,3,3,3,3,3
3,4,3,3,3,3,3,3,3,3,3,3,3
3,3,4,3,3,3,3,4,3,3,3,2,3
2,4,4,3,2,3,4,2,2,3,3,4,4
3,3,3,3,4,3,4,3,4,2,3,2,2
3,3,3,3,4,3,3,3,3,3,3,3,3
3,3,3,3,3,3,3,3,3,3,3,4,4
3,3,3,3,3,3,4,3,3,3,3,3,3
3,3,3,3,4,3,3,3,3,3,3,3,3
3,3,3,3,4,3,3,3,3,3,3,3,3
3,3,3,3,3,4,3,3,3,3,3,3,3
3,3,3,3,3,4,3,3,3,3,3,3,3
3,3,3,3,3,3,3,4,4,3,3,3,3
3,3,3,3,3,3,3,4,3,4,3,3,3
4,4,3,3,3,3,3,3,3,3,3,3,2
3,3,3,3,3,3,3,3,4,3,4,3,3
3,3,3,3,3,4,3,3,3,3,3,3,3
3,3,3,3,3,3,3,3,4,3,4,3,3
3,3,3,3,4,3,3,3,3,3,3,3,3
3,3,3,3,4,3,3,3,3,3,3,3,3
3,3,3,3,3,3,3,3,3,3,3,4,4
3,3,3,3,3,3,3,3,3,3,3,4,4
3,3,3,3,3,3,3,3,3,3,3,4,4
3,3,3,3,3,3,3,4,4,3,3,3,3
3,3,3,3,3,3,4,3,3,3,3,3,3
4,3,3,2,4,3,3,3,3,3,3,3,3
3,3,3,3,3,3,3,4,4,3,3,3,3
3,3,3,3,3,3,3,4,3,3,4,3,3
3,3,3,3,4,2,3,3,3,4,3,4,3
4,2,3,3,4,3,2,3,4,3,2,4,4
3,3,4,4,3,3,3,3,2,3,4,3,2
4,4,3,1,4,5,1,4,1,4,1,4,4
4,3,3,3,3,3,3,3,3,4,3,3,3
3,3,4,3,3,3,3,3,3,3,4,3,3
3,3,4,3,3,3,3,3,3,4,3,3,3
3,4,3,3,3,3,3,3,3,3,3,4,3
3,2,3,3,3,3,3,4,4,3,3,4,4
3,3,3,4,3,2,3,3,4,4,3,4,3
4,4,2,3,3,3,3,2,4,4,3,3,3
2,4,4,3,4,3,2,2,2,3,4,4,4
3,3,4,5,3,3,3,3,4,3,4,1,1
4,2,3,4,4,2,3,4,5,4,3,2,1
3,3,3,3,3,3,3,4,3,3,4,3,4
4,4,3,3,3,3,3,3,3,3,3,3,3
3,3,3,3,4,3,3,3,4,3,3,3,3
3,3,3,3,3,3,3,3,3,4,3,4,4
3,3,3,3,3,3,3,3,3,3,4,4,4
3,3,3,3,3,3,3,4,3,4,3,4,3
4,4,3,3,3,3,3,3,3,3,3,3,3
3,3,3,3,3,3,3,4,3,4,3,3,4
3,3,3,3,3,4,3,3,3,3,4,3,3
3,3,3,3,3,3,3,4,4,3,3,4,3
5,3,3,3,3,3,3,3,3,3,3,3,3
4,3,3,4,2,3,4,3,3,3,3,3,3
2,3,3,2,4,4,4,3,3,3,3,4,2
3,3,2,3,3,3,3,3,4,4,4,4,4
4,2,3,4,3,4,3,3,3,2,3,4,3
4,4,3,2,2,4,4,3,2,4,3,4,2
4,3,3,3,4,3,3,3,3,3,3,3,3
4,3,3,3,3,3,4,3,3,3,3,3,3
3,3,4,3,4,3,3,3,3,3,3,3,3
3,3,4,3,3,3,4,3,3,3,3,3,3
4,3,3,3,3,3,3,3,3,3,3,4,4
3,3,3,4,3,3,3,3,4,3,3,4,3
4,3,3,3,3,3,3,4,3,4,3,3,3
3,3,3,4,3,3,3,3,3,4,3,4,3
3,4,3,3,4,3,3,4,4,3,3,2,2
2,4,3,2,3,5,2,3,4,5,4,3,2
3,3,3,3,4,4,3,3,3,3,3,3,3
3,3,3,3,4,3,4,3,3,3,3,3,3
3,3,3,3,4,3,4,3,3,3,3,3,3
4,3,4,3,3,3,3,3,3,3,3,3,4
4,4,3,3,3,3,3,4,3,3,2,3,4
4,3,3,2,4,3,4,2,3,4,2,3,4
4,2,2,4,4,4,3,2,4,2,2,4,4
3,3,3,3,3,4,4,3,3,3,3,3,3
3,3,3,3,4,4,3,3,3,3,3,3,3
3,3,3,3,3,4,4,3,3,3,3,3,3
4,3,2,3,4,3,4,2,3,4,3,3,3
3,3,3,3,4,5,2,2,4,3,3,3,3
3,4,1,4,4,4,3,4,2,3,3,2,4
3,3,3,3,4,3,3,3,4,3,3,4,3
4,4,4,3,3,3,3,3,3,3,3,3,3
3,3,4,3,3,3,4,3,3,4,3,3,3
4,3,3,3,3,3,3,4,3,3,4,4,3
3,3,4,3,3,3,3,4,3,4,3,4,3
4,4,3,4,3,3,3,3,3,3,3,3,3
3,3,3,4,3,3,3,3,4,3,4,3,4
3,3,4,3,3,4,3,3,3,3,3,3,4
3,4,3,3,3,3,4,3,3,3,3,3,4
3,4,3,3,3,3,3,4,4,3,4,3,3
3,4,3,3,3,4,3,3,3,3,3,4,3
3,3,3,4,3,3,4,3,4,3,3,3,3
4,3,2,4,3,4,3,4,3,3,2,3,4
3,3,3,3,4,4,3,3,4,3,3,3,3
3,3,3,3,4,3,4,3,4,3,3,3,3
3,3,3,3,4,4,3,4,3,3,3,3,3
3,3,3,3,4,3,4,3,3,3,4,3,3
3,3,3,3,4,3,4,3,3,4,3,3,3
3,3,3,3,3,4,4,3,3,3,4,3,3
3,4,2,3,3,4,4,3,4,3,3,3,3
3,3,3,3,4,3,3,3,3,3,4,4,4
3,3,4,4,4,3,3,3,3,3,3,3,3
4,4,3,3,3,3,3,3,4,3,4,3,3
3,3,4,4,3,3,3,3,3,3,3,4,4
3,3,3,3,3,4,3,3,4,4,3,4,3
4,4,3,3,3,3,4,3,3,3,3,3,3
3,3,3,3,3,3,4,4,3,4,3,3,4
3,3,4,4,3,3,3,3,3,3,3,4,4
3,4,2,3,3,3,4,2,4,4,2,4,5
3,3,4,4,3,3,4,3,3,3,3,3,3
3,3,4,4,3,3,3,3,4,3,3,4,3
3,3,4,4,4,3,3,3,3,3,4,3,2
3,3,3,3,4,4,4,2,2,3,3,3,4
3,4,3,3,3,4,4,3,3,3,3,3,3
3,3,3,4,3,4,4,3,3,3,3,3,3
4,3,3,3,5,3,3,3,3,3,3,3,3
3,3,3,4,3,3,3,4,3,4,4,3,4
4,4,3,4,3,3,3,3,3,4,3,3,3
4,4,3,4,3,2,3,3,4,4,3,3,4
4,2,4,1,3,4,4,3,4,3,3,4,4
3,4,3,3,3,4,3,4,3,3,4,3,3
3,4,3,3,4,3,3,3,4,3,4,3,3
3,4,3,3,4,3,3,4,3,3,4,3,3
3,3,3,4,3,3,4,4,3,3,3,3,4
4,3,3,3,4,3,3,3,3,3,3,3,5
2,4,3,4,2,4,4,4,4,2,4,3,3
4,3,3,3,4,3,3,3,4,3,3,3,4
3,3,3,4,3,4,3,3,4,3,4,3,3
3,3,3,4,4,3,3,3,3,3,4,3,4
3,4,3,3,3,3,4,3,3,3,4,3,4
3,4,3,3,3,3,4,4,3,3,3,3,4
4,4,3,2,3,3,4,3,3,4,3,4,3
3,3,3,3,4,4,4,3,3,3,3,3,3
4,4,4,4,3,3,3,3,3,3,3,3,3
4,4,4,4,3,3,3,3,3,3,3,3,3
4,4,4,4,3,3,3,3,3,3,3,3,3
4,4,4,4,3,3,3,3,3,3,3,3,3
4,4,4,4,3,3,3,3,3,3,3,3,3
3,4,3,4,3,4,3,4,3,3,3,3,3
3,4,3,4,3,3,4,3,3,3,4,3,3
3,3,3,3,4,4,4,3,3,3,3,3,3
3,4,3,4,3,3,3,3,4,3,4,3,4
4,3,3,4,4,3,3,3,3,3,3,4,3
3,3,3,3,4,3,4,3,4,3,3,3,4
4,4,3,3,3,3,3,3,4,4,4,3,3
4,3,3,4,3,3,3,4,3,4,4,3,3
3,3,3,3,4,4,4,3,3,3,3,3,3
3,3,3,3,4,4,4,3,3,3,3,3,3
3,3,3,3,4,4,4,3,3,3,3,3,3
4,4,4,4,3,3,3,3,3,3,3,3,3
3,3,3,3,3,3,3,4,4,4,4,4,4
3,3,3,3,4,4,4,3,3,3,3,3,3
3,3,3,3,3,4,4,3,4,3,4,3,3
3,3,3,3,3,3,4,3,3,4,4,4,4
3,4,3,4,4,3,3,3,3,4,3,3,3
3,3,3,3,4,3,3,4,3,3,4,4,4
3,3,3,3,4,3,4,3,3,4,3,3,4
4,4,3,3,4,3,3,3,3,3,3,3,4
4,4,4,4,2,5,3,2,3,3,2,4,2
3,3,3,4,4,4,3,3,3,3,3,4,3
3,4,3,3,4,4,3,3,3,3,3,4,3
4,3,3,3,4,4,3,3,3,4,3,3,3
3,3,4,3,4,3,3,3,4,4,3,4,3
3,4,4,4,4,3,3,3,3,3,2,3,4
3,4,3,3,3,3,3,3,4,4,4,4,4
3,4,3,3,4,3,3,3,4,4,3,4,3
4,4,3,4,4,3,3,3,4,3,3,2,3
3,3,3,3,4,3,4,3,4,4,3,4,3
4,4,4,4,3,3,3,3,4,3,3,3,3
3,3,3,3,4,3,4,4,4,3,3,3,4
4,4,3,3,3,3,3,4,4,3,4,3,4
3,5,3,3,5,3,3,3,3,3,3,3,3
3,4,3,4,4,3,3,4,3,3,4,3,3
3,4,3,4,2,4,4,4,3,4,3,4,2
4,4,3,3,3,3,4,3,3,4,3,4,3
4,3,3,3,4,4,4,3,3,3,3,3,3
4,3,3,3,4,4,4,3,3,3,3,3,3
4,4,3,4,4,3,3,3,3,3,4,3,3
4,3,3,3,4,3,3,3,4,4,3,4,4
3,4,4,4,3,4,3,3,3,3,3,3,4
4,4,3,4,3,3,3,4,3,3,4,3,4
4,3,3,3,4,4,3,4,3,3,4,3,3
4,3,3,3,4,3,3,3,4,4,4,4,3
3,3,3,2,3,4,4,4,4,4,4,3,4
3,4,2,4,4,3,4,4,4,2,4,4,2
4,4,1,4,4,4,4,4,4,1,4,4,1
3,3,4,3,3,3,3,4,4,4,4,4,4
4,3,3,3,4,3,4,4,3,3,4,3,3
4,4,3,4,3,3,3,4,3,4,3,4,3
4,4,3,4,3,3,3,4,3,4,3,4,3
4,3,3,3,4,3,4,4,4,3,3,3,3
3,4,4,4,3,3,3,3,4,3,4,4,3
3,3,4,3,4,3,4,3,3,4,4,3,3
3,4,3,3,4,3,4,4,3,4,3,2,4
4,4,3,3,3,4,4,4,2,4,2,4,3
4,3,4,3,4,4,3,3,3,3,3,4,3
4,3,3,4,4,4,3,3,4,3,3,3,3
3,3,3,3,4,4,4,3,3,3,3,4,4
3,3,3,3,4,4,4,3,3,3,4,3,4
4,4,4,4,3,3,3,4,3,3,4,3,3
4,3,4,3,3,3,4,3,4,3,4,3,4
3,4,3,4,3,3,3,4,4,4,4,3,4
3,3,3,3,4,3,3,4,4,4,4,4,4
4,4,3,3,4,3,3,4,3,4,3,4,3
3,3,4,4,3,3,4,3,4,3,4,3,4
3,4,4,3,3,3,3,3,4,4,4,4,4
3,4,3,4,3,3,3,4,3,4,4,4,4
3,4,3,4,3,3,4,3,3,4,4,3,4
4,3,4,3,4,3,3,4,3,3,4,3,4
4,3,4,3,3,3,4,3,3,4,4,4,3
3,4,3,4,4,4,2,3,3,3,4,4,4
4,3,3,3,4,4,4,3,4,3,3,3,3
4,3,3,3,3,4,4,4,3,3,4,3,4
4,3,3,3,4,3,4,3,4,4,3,3,4
4,4,3,4,4,4,4,3,3,2,2,3,3
4,3,3,3,3,4,4,3,4,4,3,4,3
4,3,4,4,4,4,3,4,3,2,3,3,3
4,4,3,4,4,3,3,3,4,3,4,3,3
4,4,3,4,4,3,3,3,4,3,4,3,3
4,4,3,4,4,3,3,3,4,3,4,3,3
4,3,4,4,4,3,3,4,3,3,3,3,4
3,3,3,3,4,4,4,3,3,4,3,4,4
3,3,3,3,3,4,4,4,4,4,4,4,3
4,3,4,3,3,4,3,4,4,4,3,4,3
4,4,3,3,5,3,2,4,4,4,4,3,3
5,3,3,3,2,4,5,5,1,3,3,4,4
3,3,3,3,4,4,4,4,4,3,3,4,3
4,3,4,3,4,3,4,3,4,4,3,3,3
3,3,4,4,3,4,3,3,4,3,4,4,4
3,4,4,3,4,3,4,4,4,3,3,3,3
4,4,2,4,4,3,4,3,4,3,4,3,3
3,4,3,3,4,4,3,4,3,4,4,3,4
3,4,3,3,3,3,4,4,4,4,4,4,4
4,4,3,4,4,3,3,4,3,4,3,4,3
4,4,4,4,4,3,4,3,3,3,3,3,3
3,3,3,3,5,4,4,3,3,3,3,5,3
3,2,4,3,3,4,4,4,5,4,4,3,4
4,4,2,4,4,4,3,3,4,3,4,3,4
3,3,3,3,3,4,4,4,4,4,4,4,4
4,4,4,4,3,4,4,3,3,3,3,3,3
4,4,3,3,4,4,3,3,4,3,3,4,4
4,3,4,3,4,4,3,4,3,4,3,4,3
4,4,3,3,4,4,3,4,3,4,3,3,4
3,4,3,4,3,4,4,3,4,3,4,3,4
4,3,4,3,4,4,3,3,4,4,3,4,3
4,4,3,3,3,4,4,3,4,3,4,3,4
4,4,3,3,4,4,3,4,3,3,4,4,3
3,3,3,3,5,4,3,4,3,4,4,4,3
3,5,4,4,4,3,3,3,4,3,4,3,3
4,4,4,4,4,4,2,2,4,4,4,2,4
4,4,4,3,4,4,4,3,3,3,3,3,3
3,4,4,4,4,4,4,3,3,3,3,3,3
4,4,3,4,4,3,3,3,4,4,3,4,4
3,3,3,4,4,4,4,4,3,4,3,4,3
3,3,4,3,4,4,4,3,4,3,4,3,4
4,3,4,4,4,4,3,3,3,4,3,4,3
3,4,4,4,3,4,4,4,3,4,3,3,3
4,3,4,4,3,4,3,4,4,3,3,4,4
4,3,4,4,3,4,3,4,4,3,4,3,4
3,4,4,4,3,3,4,4,4,4,4,3,3
4,4,4,3,4,4,4,3,3,3,3,3,3
4,3,4,4,4,3,4,4,4,3,3,3,3
4,3,3,3,5,4,4,3,3,3,3,3,4
4,4,3,4,3,4,4,3,3,3,4,3,4
4,3,4,4,4,4,3,4,3,4,3,3,3
4,4,3,4,3,4,4,4,3,3,4,3,3
4,4,4,4,4,3,4,3,3,3,4,3,3
4,4,3,3,4,3,4,4,4,4,3,4,3
4,3,4,3,4,3,4,4,3,3,4,4,4
3,4,3,4,4,4,3,3,4,4,3,4,4
3,4,3,4,4,4,3,3,4,3,4,4,4
3,3,3,3,5,4,4,4,4,4,3,3,3
4,3,3,4,4,4,3,3,3,4,4,4,4
3,4,4,3,4,4,3,4,4,4,3,4,3
3,4,3,4,4,4,4,2,4,4,3,3,4
3,3,4,4,3,3,4,4,4,4,4,4,4
3,3,3,3,4,4,4,4,4,4,4,4,3
4,4,4,2,4,4,4,4,4,3,3,3,3
3,3,4,3,4,4,4,4,3,4,4,3,4
4,4,4,3,4,4,3,3,4,3,4,3,4
4,3,4,4,4,3,4,3,3,4,3,4,4
4,3,3,3,4,3,4,4,4,4,4,4,4
3,3,4,3,4,4,4,4,4,3,4,3,4
4,3,3,3,4,3,4,4,4,4,4,4,4
3,3,3,4,4,4,4,4,4,4,4,3,3
3,4,4,4,4,4,4,3,3,3,4,3,3
3,3,3,3,4,4,4,4,4,4,4,4,4
3,3,3,3,4,4,4,4,4,4,4,4,4
4,4,4,4,4,4,4,3,3,3,3,3,3
4,4,4,4,4,4,4,3,3,3,3,3,3
4,4,4,4,3,4,3,3,4,4,4,3,4
4,4,4,4,3,4,3,3,3,4,4,4,4
4,4,4,4,4,3,4,4,4,3,3,3,3
4,4,4,4,4,4,4,3,3,3,3,3,3
4,4,4,4,4,4,4,3,3,3,3,3,3
3,4,3,4,4,4,4,4,3,4,3,4,3
4,4,4,4,4,3,3,4,4,3,3,4,4
4,3,4,3,4,4,4,4,3,3,4,4,3
3,3,3,3,5,5,5,3,3,3,3,3,3
3,3,3,3,4,4,4,4,5,3,5,4,3
4,3,4,4,4,4,3,3,4,4,3,4,4
4,4,4,3,4,4,3,3,4,4,3,4,4
4,3,5,3,4,4,3,3,4,5,3,4,3
4,3,4,4,4,3,4,3,4,3,4,4,4
4,3,4,4,3,4,4,4,3,4,4,4,3
3,3,4,3,4,4,4,3,4,4,4,4,4
4,3,3,3,4,4,4,4,4,4,4,4,3
4,4,3,4,5,3,4,3,3,3,3,4,4
4,4,4,3,5,4,3,3,4,4,2,4,3
4,4,4,4,4,4,4,4,3,3,3,3,3
4,4,4,4,4,4,3,3,4,3,4,4,3
4,4,3,3,4,4,4,3,4,4,3,4,4
4,4,4,4,4,4,4,4,3,3,3,3,3
4,4,4,4,4,4,4,4,3,3,3,3,3
4,3,4,3,4,4,4,4,4,3,4,3,4
3,4,3,4,4,4,4,4,4,4,3,4,3
4,4,3,3,4,4,4,3,4,4,3,4,4
4,3,4,3,4,4,4,4,4,3,4,4,3
4,3,4,5,4,4,3,4,3,3,3,3,5
4,4,3,4,4,4,4,4,3,4,3,4,3
4,3,4,4,4,4,3,4,4,4,4,4,3
4,4,3,4,4,4,4,4,3,4,3,3,4
4,4,3,4,4,4,4,4,3,4,3,3,4
4,3,3,3,4,4,4,4,4,4,4,4,4
4,3,3,3,4,4,4,4,4,4,4,4,4
3,3,4,3,4,4,4,4,4,4,4,4,4
4,4,3,4,4,4,4,4,3,4,3,4,3
4,4,3,4,4,4,4,4,3,4,3,4,3
4,4,3,4,4,4,4,3,4,3,4,3,4
4,4,3,4,4,4,4,3,4,3,4,3,4
4,4,3,4,4,4,3,4,4,4,4,3,4
5,4,3,3,4,4,4,4,4,3,3,3,4
4,4,4,4,3,4,4,4,3,4,4,4,3
4,4,4,4,4,3,4,4,4,3,4,3,4
4,4,4,4,3,4,4,4,4,4,3,3,4
4,3,4,3,5,4,4,4,3,3,4,3,4
4,4,4,4,4,4,4,4,4,3,3,3,3
4,4,4,4,4,4,4,4,4,3,3,3,3
4,4,4,4,4,4,4,3,4,3,4,3,3
4,4,4,4,4,4,4,3,3,3,3,4,4
4,3,3,4,4,4,4,3,4,4,4,4,4
4,4,3,3,4,5,3,4,5,4,3,4,3
4,4,4,4,3,3,4,4,4,4,4,4,4
4,4,3,4,4,4,4,4,3,4,3,4,4
4,4,3,4,4,4,3,4,4,4,3,5,4
4,4,3,4,4,4,4,4,3,4,3,4,4
4,4,3,4,4,4,4,4,4,4,4,3,3
4,4,3,4,4,4,4,4,4,3,4,3,4
4,3,4,4,4,4,4,4,4,3,4,4,3
4,3,4,4,4,3,4,4,5,3,4,3,5
4,5,3,3,3,4,4,3,4,5,4,4,4
5,4,5,3,3,4,3,5,3,3,4,5,3
4,3,4,3,4,4,4,4,4,4,4,4,4
4,4,3,3,4,4,4,4,4,4,4,4,4
4,4,4,4,4,4,4,3,3,3,4,4,4
4,4,4,4,4,3,4,3,4,4,4,4,4
4,4,4,4,3,4,4,4,4,4,4,4,3
4,4,4,2,4,4,4,4,4,4,4,4,4
4,4,4,4,4,4,4,4,3,4,3,4,3
4,4,4,4,4,4,4,4,3,3,4,3,4
4,4,4,4,3,4,4,4,4,4,3,4,4
3,4,4,3,3,5,4,4,4,5,3,4,4
3,3,4,3,5,4,4,4,4,4,4,4,4
3,5,4,3,4,4,4,3,4,5,4,3,4
4,4,3,4,4,4,4,4,4,4,3,4,4
4,4,3,4,4,4,4,4,3,4,4,4,4
4,4,4,4,4,3,4,4,4,4,4,4,4
4,4,4,4,4,4,3,4,4,4,4,4,4
4,4,4,4,4,3,4,4,4,4,4,4,4
4,4,4,4,4,4,4,4,3,4,3,4,4
4,4,4,4,4,4,4,3,3,4,4,4,4
4,4,4,4,4,3,5,3,4,4,4,3,4
4,4,4,4,4,4,3,4,4,4,4,4,4
4,4,4,4,4,4,4,3,3,4,4,4,4
4,4,4,4,4,4,4,3,4,4,4,3,4
3,4,4,5,5,4,3,4,3,4,3,4,4
3,4,3,4,3,4,5,5,3,5,4,4,4
4,4,3,4,4,4,4,4,4,4,4,4,4
3,4,4,4,4,4,4,4,4,4,4,4,4
4,4,3,4,4,4,4,4,4,4,4,4,4
5,4,4,4,3,4,4,4,4,4,3,4,4
3,4,4,4,4,4,4,4,4,4,4,4,4
4,4,3,4,4,4,4,4,4,4,4,4,4
4,4,4,3,4,4,4,4,4,4,4,4,4
5,3,3,4,4,4,4,4,4,4,4,4,4
4,3,4,4,4,4,4,4,4,5,4,4,3
3,5,3,4,4,4,3,4,4,5,4,4,5
4,4,4,4,3,4,4,4,4,5,3,5,4
3,3,4,4,4,4,4,5,4,4,4,4,5
4,4,4,4,4,4,4,4,4,4,4,4,3
4,4,4,4,4,4,4,4,4,4,4,4,3
4,4,4,4,4,4,4,4,4,4,4,4,3
4,4,4,4,4,4,4,4,4,4,4,4,3
4,4,4,4,4,4,4,3,4,4,4,4,4
4,4,4,4,4,5,4,3,4,4,3,4,4
4,4,4,4,4,4,4,4,4,4,4,4,4
4,4,4,4,4,4,4,4,4,4,4,4,4
4,4,4,4,4,4,4,4,4,4,4,4,4
4,4,4,4,4,4,4,4,4,4,4,4,4
3,5,4,4,4,4,4,4,4,4,4,4,4
4,4,5,3,4,4,4,4,4,4,4,4,4
4,5,4,5,5,4,3,5,4,4,3,3,3
4,4,4,4,4,4,4,4,4,4,4,4,5
4,4,4,4,4,4,4,5,4,4,4,4,4
4,4,4,4,4,4,4,4,4,4,4,4,5
4,4,5,4,4,4,4,4,4,4,4,4,4
4,4,3,4,4,5,4,4,5,4,4,4,4
5,4,3,5,4,5,3,5,4,4,3,4,4
4,5,4,4,4,4,4,4,4,4,4,4,4
4,4,4,4,4,4,4,4,4,4,4,5,5
4,4,4,4,4,4,4,4,4,4,5,4,5
4,4,4,4,4,4,5,4,4,3,4,4,5
4,5,4,3,3,5,4,4,5,4,5,4,4
3,3,3,3,3,5,5,5,5,5,5,5,5
4,3,4,4,4,5,4,4,4,5,4,4,5
4,4,4,3,5,5,3,5,3,5,4,5,4
4,5,4,4,5,4,3,3,5,4,4,5,4
4,4,5,4,4,4,4,4,5,4,4,4,4
5,4,4,4,4,4,4,5,4,4,4,4,4
3,4,4,5,5,5,5,4,4,3,3,3,4
5,5,5,5,5,5,2,4,4,4,3,3,3
4,4,4,4,3,5,5,4,4,5,4,4,4
5,4,4,4,4,4,4,4,4,5,4,4,5
4,4,5,4,4,4,4,5,4,4,5,4,4
4,5,4,4,5,3,4,4,5,5,4,4,4
4,4,5,4,4,4,4,4,4,4,5,5,4
5,3,3,4,5,4,4,5,4,5,4,5,4
4,5,4,4,4,5,4,3,4,4,5,4,4
5,4,5,5,4,4,4,3,4,5,3,4,4
4,4,4,4,5,4,4,5,4,4,5,4,4
4,4,4,4,5,4,5,4,4,4,4,4,4
4,4,4,4,4,5,5,4,4,4,4,4,4
4,4,5,5,5,4,4,4,5,4,4,3,3
5,5,4,4,4,5,4,3,5,4,3,4,4
4,4,5,4,4,5,4,4,4,4,5,4,4
4,5,4,5,4,4,4,4,4,5,5,4,4
4,4,5,3,5,5,4,4,5,3,5,3,5
4,4,4,4,5,5,5,4,4,4,4,4,4
4,4,4,4,4,4,4,5,5,5,5,5,5
5,5,5,5,5,5,5,3,3,3,3,3,3
4,4,4,4,5,5,5,4,4,4,4,4,4
4,4,4,4,4,4,4,5,5,5,5,5,5
4,4,4,4,4,4,5,5,5,5,4,4,5
4,5,4,4,4,5,4,4,5,5,4,4,5
4,5,5,5,5,4,4,4,4,4,4,4,4
5,5,4,3,5,3,4,4,5,5,5,5,5
4,3,4,4,5,4,5,5,5,4,5,4,5
5,4,5,4,4,5,4,5,4,4,5,4,4
3,3,5,3,4,5,5,5,5,5,5,5,5
5,4,4,4,4,5,4,5,4,5,5,4,5
4,4,5,4,4,4,4,5,5,5,5,5,5
5,4,5,5,5,5,5,3,4,4,2,4,4
5,5,4,4,5,4,4,5,4,5,4,5,4
4,4,5,4,5,4,5,4,5,4,5,5,4
4,4,5,5,5,5,5,4,4,4,4,4,4
4,4,4,4,4,5,5,5,5,5,5,5,5
5,5,4,5,5,4,4,5,5,5,4,5,4
5,5,4,5,4,5,4,4,4,5,5,5,5
3,4,4,4,5,5,5,5,5,5,5,5,5
2,5,4,4,5,5,5,5,5,5,5,5,5
2,4,4,5,5,5,5,5,5,5,5,5,5
5,5,5,5,5,4,4,5,4,5,4,4,5
5,5,4,4,5,5,5,5,4,5,4,4,5
5,5,5,4,5,4,5,4,5,5,4,5,5
5,5,4,5,5,5,5,5,4,5,4,5,4
4,5,5,4,5,5,5,5,5,5,5,4,5
3,5,5,5,5,5,5,5,5,5,4,5,5
5,5,5,5,5,5,4,5,5,5,4,4,5
4,5,5,5,4,5,5,5,5,5,5,5,5
4,5,5,5,5,5,5,5,5,5,4,5,5
5,5,5,5,5,5,5,5,5,5,5,5,5
