SAMPLEID,SEX,AGE,AGEID,PREFECTURE,AREA,JOB,SQ1,SQ2,SQ3_1,SQ3_2,SQ3_3,SQ3_4,SQ3_5,SQ3_6,SQ3_7,SQ3_8,SQ4,SQ5,Q1,Q2_1,Q2_2,Q2_3,Q2_4,Q2_5,Q2_6,Q2_7,Q2_8,Q2_9,Q3,Q4,Q5,Q6,Q7S1,Q7S2,Q7S3,Q8,Q9,Q10,Q11,Q12_1,Q12_2,Q12_3,Q12_4,Q12_5,Q12_6,Q12_7,Q12_8,Q12_9,Q12_10,Q12_11,Q12_12,Q13,Q14,Q15S1,Q15S2,Q15S3,Q15S4,Q16_1,Q16_2,Q16_3,Q16_4,Q16_5,Q16_6,Q17S1,Q17S2,Q17S3,Q17S4,Q17S5,Q18,Q19,Q20
2343,1,51,9,11,3,3,3,1,1,0,0,0,0,0,0,0,2,2,2,0,1,0,0,1,0,0,0,0,,1,15,4,1,3,2,2,2,2,2,1,1,0,0,0,0,0,0,0,1,0,0,2,3,2,2,3,4,0,1,0,1,0,0,1,1,1,1,1,3,3,1
4103,1,60,11,13,3,3,4,1,1,0,0,0,0,0,0,0,1,1,1,,,,,,,,,,1,,19,1,2,2,2,1,1,2,5,0,0,0,0,0,0,0,0,1,0,0,0,2,1,,,,,0,0,0,0,0,1,1,1,2,2,2,4,2,3
25050,1,47,8,13,3,4,5,1,1,0,0,0,0,0,0,0,2,2,2,1,1,0,0,0,0,0,0,0,4,4,2,5,2,2,2,1,2,2,5,1,0,0,0,0,0,0,0,1,0,0,0,2,3,,,,,0,0,0,0,0,1,3,2,2,2,3,5,3,2
33330,1,43,7,12,3,4,5,1,1,0,0,0,0,0,0,0,1,1,2,1,0,0,0,0,0,0,0,0,1,1,3,1,2,2,2,1,2,1,4,0,1,0,0,0,0,0,0,0,0,0,0,1,3,1,1,1,1,0,0,0,0,0,1,1,1,1,1,1,4,4,2
34044,1,55,10,13,3,3,3,1,1,0,0,0,0,0,0,0,2,2,1,,,,,,,,,,,1,8,1,2,4,4,2,4,1,4,1,0,0,0,0,0,0,0,0,0,0,0,2,3,1,1,1,3,0,0,0,1,0,0,1,1,1,1,1,2,2,1
51629,1,57,10,13,3,4,2,1,1,0,0,0,0,0,0,0,3,1,1,,,,,,,,,,,,3,8,2,3,2,2,6,2,5,0,0,0,0,0,1,0,0,0,0,0,0,2,2,,,,,0,1,0,0,0,0,1,3,3,1,1,2,5,1
62977,1,54,9,14,3,4,5,1,1,0,0,0,0,0,0,0,2,2,2,1,0,0,0,0,0,0,0,0,2,1,11,6,1,1,1,3,2,2,5,0,0,1,0,0,0,0,0,0,0,0,0,3,1,,,,,1,0,0,0,0,0,2,2,2,2,2,3,5,3
92670,2,52,9,13,3,3,5,1,1,0,0,0,0,0,0,0,1,1,2,0,1,0,0,0,0,0,1,0,4,1,20,2,1,1,1,3,1,1,4,0,0,0,0,0,0,0,0,0,0,0,1,2,1,,,,,1,0,0,0,0,0,1,1,1,1,1,4,1,1
103929,1,54,9,13,3,3,2,1,1,0,0,0,0,0,0,0,2,2,1,,,,,,,,,,,,2,9,1,3,3,2,6,1,2,0,0,0,0,0,1,0,0,0,1,0,0,1,3,1,1,4,4,1,1,1,0,0,0,1,2,2,1,1,2,2,1
116976,2,52,9,13,3,3,5,1,1,0,0,0,0,0,0,0,2,2,1,,,,,,,,,,2,1,7,2,2,2,2,2,2,2,5,0,1,0,0,0,0,0,0,0,0,0,0,2,1,,,,,0,1,0,1,0,0,3,3,3,3,3,3,5,3
189646,1,58,10,11,3,4,2,1,1,0,0,0,0,0,0,0,2,1,1,,,,,,,,,,,,3,8,2,4,4,1,4,3,5,0,1,0,0,0,0,0,0,0,0,0,0,2,2,,,,,1,0,0,0,0,0,1,1,1,1,1,1,1,1
272870,1,48,8,13,3,4,5,1,1,0,0,0,0,0,0,0,2,1,1,,,,,,,,,,2,1,4,1,1,1,1,1,2,1,5,0,1,0,0,0,0,0,0,1,0,0,0,2,3,,,,,0,0,0,1,0,0,1,2,1,1,1,2,4,3
275913,2,47,8,13,3,3,3,1,1,0,0,0,0,0,0,0,3,1,1,,,,,,,,,,,1,9,2,1,1,1,2,6,2,4,1,0,0,0,0,0,0,0,0,0,0,0,3,2,3,3,3,3,0,0,0,0,0,1,1,1,1,1,1,2,2,1
277523,1,44,7,11,3,4,5,1,1,0,0,0,0,0,0,0,2,1,1,,,,,,,,,,4,4,4,7,2,2,2,2,2,1,3,1,1,1,0,0,0,0,0,1,0,0,0,1,1,3,2,3,3,0,1,0,1,0,0,1,1,1,1,1,1,2,1
282764,1,47,8,11,3,4,1,1,1,0,0,0,0,0,0,0,1,1,,,,,,,,,,,,,11,9,2,5,6,1,6,1,2,0,0,1,0,0,0,0,0,0,0,1,0,3,1,1,1,1,1,0,1,0,1,0,0,,,,,,3,1,1
284925,1,53,9,13,3,3,5,1,1,0,0,0,0,0,0,0,2,1,2,0,0,0,0,0,1,0,0,0,4,4,19,2,2,2,2,1,2,3,4,1,0,0,0,0,0,0,0,0,0,0,0,2,1,1,1,1,2,0,0,0,0,0,1,2,2,2,2,2,4,4,2
296189,1,48,8,13,3,3,1,1,1,0,0,0,0,0,0,0,1,1,,,,,,,,,,,,,4,2,2,6,6,1,2,1,1,0,0,0,0,0,0,0,0,0,0,0,1,1,3,,,,,0,1,1,0,0,0,,,,,,4,4,2
298978,1,42,7,14,3,4,3,1,1,0,0,0,0,0,0,0,2,2,2,0,1,0,0,0,1,0,0,0,,1,20,5,2,6,3,2,3,1,1,0,0,1,0,0,0,0,0,1,0,0,0,2,1,2,2,2,2,1,1,1,1,0,0,1,1,1,1,1,3,2,1
301133,1,61,11,13,3,3,2,1,1,0,0,0,0,0,0,0,2,2,1,,,,,,,,,,,,8,1,2,6,3,2,3,2,4,0,0,1,1,0,1,1,0,0,1,0,0,3,3,2,2,2,2,0,0,0,0,0,1,2,3,3,3,2,3,3,2
318187,1,61,11,11,3,3,5,1,1,0,0,0,0,0,0,0,3,2,2,0,0,0,0,1,1,0,0,0,1,1,13,2,3,2,2,2,6,3,4,1,1,1,0,0,0,0,0,0,0,0,0,1,3,3,3,3,3,0,0,0,0,0,1,2,2,2,2,2,4,4,2
323164,1,44,7,12,3,4,3,1,1,1,0,0,0,0,0,0,2,2,2,0,1,1,1,0,0,0,0,0,,1,7,9,1,2,2,2,3,1,3,1,0,0,0,0,0,1,0,0,1,0,0,1,2,1,1,4,4,1,1,0,1,0,0,1,2,1,1,1,1,3,1
500782,2,31,5,13,3,3,3,1,1,0,0,0,0,0,0,0,3,2,2,1,0,0,0,0,0,0,0,0,,1,20,2,1,2,2,2,6,1,5,0,0,0,0,0,0,0,0,1,0,0,0,2,2,,,,,0,0,0,0,0,1,1,1,2,2,1,3,4,1
510415,1,54,9,14,3,4,1,1,1,0,0,0,0,0,0,0,1,1,,,,,,,,,,,,,20,1,2,6,6,1,6,2,3,1,0,0,0,0,0,0,0,0,0,0,0,3,1,3,3,3,3,0,0,0,0,0,1,,,,,,5,5,3
523646,1,58,10,14,3,3,5,1,1,0,0,0,0,0,0,0,1,2,1,,,,,,,,,,2,1,8,1,1,4,1,2,2,2,4,0,0,0,0,0,0,0,0,0,1,0,0,1,3,1,1,1,1,1,0,0,0,0,0,2,2,2,2,1,3,3,3
524648,2,51,9,12,3,3,2,1,1,1,0,0,0,0,0,0,2,2,1,,,,,,,,,,,,8,2,2,5,3,2,3,2,2,1,1,1,0,1,1,1,0,1,1,0,0,1,1,1,1,4,4,0,1,1,1,0,0,1,1,1,1,1,1,3,1
652998,1,29,4,13,3,4,2,1,1,0,0,0,0,1,0,0,2,2,1,,,,,,,,,,,,2,6,1,2,2,1,3,2,4,0,0,0,0,0,0,1,0,0,0,0,0,1,1,2,3,2,4,0,0,0,1,0,0,1,2,2,1,1,5,2,1
660965,2,36,6,11,3,3,5,1,1,0,0,0,0,0,0,0,2,1,2,0,1,0,0,1,0,0,0,0,4,4,12,2,1,4,2,1,6,1,3,0,0,0,0,0,0,0,0,1,0,0,0,1,2,3,3,4,3,0,0,0,1,0,0,1,1,1,1,1,1,3,1
668893,1,63,11,11,3,3,5,1,1,0,0,0,0,0,0,0,1,1,2,1,1,0,0,0,0,0,0,0,2,1,20,2,2,2,2,1,2,3,5,0,0,0,0,0,0,0,0,0,0,0,1,4,1,,,,,0,0,0,0,0,1,2,2,2,2,2,3,4,2
675233,1,62,11,14,3,3,2,1,1,0,0,0,0,0,0,0,2,2,1,,,,,,,,,,,,8,1,2,3,2,1,3,2,4,0,0,0,0,0,0,0,0,0,0,0,1,1,1,,,,,1,0,0,0,0,0,2,2,2,2,2,3,3,2
694408,1,48,8,13,3,3,3,1,1,0,0,0,0,0,0,0,1,2,2,0,0,0,0,0,1,0,0,0,,1,4,2,1,6,2,1,2,2,3,1,1,0,0,1,0,0,0,0,1,0,0,2,1,2,2,4,4,1,1,0,0,0,0,1,1,1,1,1,2,3,1
708522,1,56,10,13,3,3,3,1,1,0,0,0,0,0,0,0,2,2,1,,,,,,,,,,,1,8,1,1,2,2,2,2,1,4,0,1,0,0,0,1,0,0,0,0,1,0,2,1,4,4,2,3,1,1,1,1,0,0,2,2,2,2,2,4,3,3
746333,1,54,9,12,3,4,2,1,1,0,0,0,0,0,0,0,2,2,1,,,,,,,,,,,,4,2,1,6,4,2,4,1,5,1,0,0,0,0,0,0,0,0,0,0,0,1,1,,,,,1,0,1,0,0,0,1,1,1,1,1,1,2,1
753361,1,57,10,13,3,4,2,1,1,0,0,0,0,0,0,0,2,2,1,,,,,,,,,,,,4,6,2,6,4,2,6,1,2,1,0,0,0,0,0,1,0,0,0,0,0,1,1,3,3,3,3,0,0,0,0,0,1,3,3,3,3,3,2,5,3
767055,1,53,9,13,3,4,2,1,1,0,0,0,0,0,0,0,2,2,1,,,,,,,,,,,,9,5,1,4,4,2,4,1,4,0,1,0,1,0,0,0,0,0,0,0,0,2,2,2,4,4,4,0,0,1,1,0,0,1,1,1,2,1,2,2,1
946262,1,66,11,14,3,4,1,1,1,0,0,0,0,0,0,0,2,1,,,,,,,,,,,,,4,6,2,3,6,1,6,1,4,0,0,0,0,0,0,0,0,0,0,0,1,3,2,,,,,0,0,0,0,0,1,,,,,,4,4,3
992287,1,59,10,13,3,4,2,1,1,0,0,0,0,0,0,0,3,2,1,,,,,,,,,,,,4,7,1,5,2,2,3,2,4,0,0,0,0,0,0,0,0,1,1,0,0,2,1,3,3,3,3,0,0,0,1,0,0,3,3,3,1,3,4,2,1
1040593,1,52,9,14,3,3,3,1,1,0,0,0,0,0,0,0,1,2,2,0,0,0,0,0,0,0,0,1,,4,8,2,2,3,3,3,3,2,5,0,0,0,0,0,0,0,0,0,0,0,1,2,1,,,,,0,0,1,0,0,0,3,3,3,3,3,2,4,3
1042197,1,46,8,13,3,4,2,1,1,0,0,0,0,0,0,0,3,2,1,,,,,,,,,,,,11,8,2,6,3,1,3,1,5,1,0,0,0,0,0,0,0,0,0,0,0,3,2,,,,,0,0,0,0,0,1,1,1,1,1,1,2,2,1
1286083,1,49,8,11,3,3,3,1,1,0,0,0,0,0,0,0,2,1,1,,,,,,,,,,,1,19,9,2,4,3,2,6,2,5,0,1,0,0,0,0,0,0,0,0,0,0,2,1,,,,,0,0,1,1,0,0,1,1,1,1,1,2,3,1
1332463,1,47,8,14,3,5,3,1,1,0,0,0,0,0,0,0,1,1,2,1,1,0,0,1,0,0,0,0,,1,9,1,2,3,2,2,2,1,4,1,1,0,0,0,0,0,0,0,0,0,0,1,1,2,2,4,4,1,0,0,0,0,0,1,1,1,1,1,1,5,1
1367361,1,45,8,14,3,3,5,1,1,0,0,0,0,0,0,0,1,1,2,0,1,0,0,0,0,0,0,0,4,4,20,2,1,1,1,2,1,2,4,0,0,0,0,0,0,0,0,0,0,0,1,3,1,,,,,0,0,0,0,0,1,3,3,3,3,3,5,5,3
1475066,1,50,9,13,3,4,5,1,1,0,0,0,0,0,0,0,2,2,2,1,0,0,0,0,0,0,0,0,4,4,2,5,2,2,2,2,2,2,4,0,0,0,0,0,0,1,0,0,0,0,0,3,3,1,1,1,1,0,1,0,0,0,0,1,2,2,1,2,3,2,1
1820608,2,41,7,14,3,3,4,1,1,1,0,0,0,0,0,0,2,2,1,,,,,,,,,,2,,4,2,1,3,1,2,1,1,2,0,1,0,0,1,1,1,0,1,0,0,0,2,1,2,2,3,3,0,1,1,0,0,0,1,1,1,1,1,2,2,1
1825091,1,54,9,13,3,3,3,1,1,0,0,0,0,0,0,0,3,2,2,1,1,0,0,0,1,0,0,0,,1,4,1,1,4,3,2,6,2,5,1,0,0,0,0,0,0,0,0,1,0,0,2,1,,,,,1,0,0,0,0,0,2,2,2,1,1,4,4,2
1837175,2,47,8,13,3,3,5,1,1,0,0,0,0,0,0,0,2,1,2,0,1,0,0,0,0,0,0,0,4,1,20,2,2,2,2,2,2,3,5,0,0,0,0,0,0,0,0,0,0,0,1,3,1,,,,,0,0,0,0,0,1,3,2,1,1,2,4,4,2
1871777,1,65,11,14,3,4,2,1,1,0,0,0,0,0,0,0,3,1,1,,,,,,,,,,,,4,1,2,4,4,1,6,1,2,1,1,0,0,0,0,0,0,0,1,0,0,1,2,3,3,3,3,1,0,0,0,0,0,1,1,2,1,1,2,3,3
1957173,1,52,9,11,3,5,2,1,1,0,0,0,0,0,0,0,3,2,1,,,,,,,,,,,,4,2,2,6,3,2,3,1,2,1,0,0,1,0,0,1,0,0,0,0,0,1,3,3,3,3,3,0,0,0,1,0,0,1,3,3,3,3,2,3,1
2008244,1,48,8,13,3,3,5,1,1,0,0,0,0,0,0,0,2,2,2,1,1,1,0,1,0,0,0,0,1,1,7,2,2,2,2,2,2,2,5,1,0,0,0,0,0,0,0,0,0,0,0,3,3,,,,,1,0,0,0,0,0,1,2,2,1,1,3,4,2
2042093,1,56,10,13,3,1,4,1,1,0,0,0,0,0,0,0,2,2,2,0,1,0,0,0,0,1,1,0,2,,20,9,2,3,2,2,2,2,5,0,0,0,0,0,0,0,0,0,0,1,0,3,1,,,,,0,0,0,0,0,1,3,3,3,3,3,5,5,3
2148072,1,46,8,13,3,4,1,1,1,0,0,0,0,0,0,0,1,1,,,,,,,,,,,,,4,5,1,6,6,1,6,2,5,0,1,0,0,0,0,0,0,0,0,0,0,1,1,,,,,1,0,0,1,0,0,,,,,,3,2,1
2180112,1,58,10,14,3,4,3,1,1,0,0,0,0,0,0,0,2,2,1,,,,,,,,,,,1,15,6,1,4,3,2,6,2,5,0,0,0,0,0,0,0,0,1,1,0,0,2,1,,,,,0,0,0,1,0,0,1,3,1,1,3,2,2,1
2342698,1,55,10,12,3,3,5,1,1,0,0,0,0,0,0,0,2,2,2,0,0,0,0,1,0,0,0,0,4,4,8,1,2,2,2,2,2,2,5,1,0,0,0,0,0,0,0,1,0,0,0,1,2,,,,,0,0,0,0,0,1,2,2,2,2,2,3,5,3
2498528,1,45,8,11,3,3,5,1,1,0,0,0,0,0,0,0,1,1,2,1,0,0,0,1,0,0,0,0,4,4,4,2,2,1,2,1,2,1,5,1,0,0,0,0,0,0,0,0,0,0,0,1,1,,,,,0,0,0,0,0,1,1,1,1,1,1,2,2,1
2769295,1,49,8,11,3,3,4,1,1,1,0,0,0,0,0,0,2,1,1,,,,,,,,,,2,,6,2,2,2,2,2,6,3,4,0,1,1,0,0,0,0,0,0,0,0,0,2,3,1,1,1,1,0,0,1,1,0,0,2,2,2,2,2,4,4,2
3003578,1,46,8,13,3,1,5,1,1,1,0,0,0,0,0,0,2,2,2,0,1,0,0,1,1,0,0,0,4,4,19,2,2,2,2,3,2,2,2,0,1,0,0,0,0,0,0,0,0,0,0,3,1,3,3,2,3,0,1,0,1,0,0,1,1,2,1,1,3,3,2
3010840,1,56,10,12,3,4,2,1,1,0,0,0,0,0,0,0,2,1,1,,,,,,,,,,,,4,7,2,6,6,2,6,1,5,1,0,0,0,0,0,0,0,0,0,0,0,2,1,,,,,1,0,0,1,0,0,1,1,1,1,1,5,5,3
3025561,1,56,10,13,3,3,3,1,1,0,0,0,0,0,0,0,1,1,1,,,,,,,,,,,1,18,2,2,6,3,2,3,2,5,0,0,0,0,0,0,0,0,0,0,0,1,1,3,,,,,0,0,0,0,0,1,2,2,2,2,2,3,4,3
3029468,1,46,8,14,3,4,1,1,1,0,0,0,0,0,0,0,1,1,,,,,,,,,,,,,2,5,2,6,6,3,6,1,5,0,0,0,0,0,0,0,0,1,0,0,0,3,1,,,,,0,0,0,0,0,1,,,,,,4,5,3
3036760,1,47,8,13,3,4,3,1,1,0,0,0,0,0,0,0,3,2,1,,,,,,,,,,,1,2,1,2,4,2,2,3,2,5,1,0,0,0,0,0,0,0,0,0,0,0,2,2,,,,,0,0,0,1,0,0,1,3,1,1,3,2,2,3
3044328,2,39,6,13,3,3,2,1,1,0,0,0,0,0,0,0,1,1,1,,,,,,,,,,,,6,2,1,6,3,2,3,1,1,1,1,0,0,0,0,0,0,0,0,1,0,1,3,1,2,1,4,1,1,1,0,0,0,1,1,1,1,1,1,1,1
3046769,2,38,6,14,3,3,2,1,1,0,0,0,0,0,0,0,3,1,1,,,,,,,,,,,,4,2,2,5,4,3,6,2,4,0,0,0,0,0,0,0,0,0,1,0,0,3,3,2,2,2,2,0,0,0,1,0,0,3,1,1,1,2,4,4,1
3054655,1,48,8,13,3,3,2,1,1,0,0,0,0,0,0,0,3,2,1,,,,,,,,,,,,6,1,1,2,1,1,6,3,4,1,1,1,0,0,1,0,0,1,0,0,0,2,1,1,1,1,1,0,0,0,1,0,0,2,2,2,2,2,3,2,2
3085078,1,65,11,11,3,5,5,1,1,0,0,0,0,0,0,0,2,2,2,0,1,0,0,0,0,0,0,0,4,4,7,3,2,2,2,2,6,2,5,0,0,0,0,0,0,0,0,1,0,0,0,2,1,,,,,0,0,0,0,0,1,3,1,3,3,3,2,5,3
3094284,2,38,6,13,3,3,2,1,1,0,0,0,0,0,0,0,1,1,2,1,0,0,0,0,0,0,0,0,,,8,2,2,6,3,1,3,2,5,1,1,1,0,0,0,0,0,0,0,0,0,1,1,,,,,0,0,1,0,0,0,1,3,3,1,3,2,3,3
3106192,1,59,10,14,3,3,4,1,1,0,0,0,0,0,0,0,2,2,1,,,,,,,,,,2,,4,9,2,6,2,2,6,3,5,0,0,0,0,0,0,0,0,0,0,1,0,2,1,,,,,0,0,0,0,0,1,2,2,2,2,2,4,3,2
3109576,1,41,7,14,3,4,2,1,1,0,0,0,0,0,0,0,2,1,1,,,,,,,,,,,,2,5,2,6,3,2,6,2,4,0,0,0,0,0,0,0,0,0,0,0,1,4,3,,,,,1,1,1,1,0,0,1,1,1,1,1,5,5,3
3118841,1,57,10,13,3,5,5,1,1,0,0,0,0,0,0,0,1,1,1,,,,,,,,,,2,1,13,10,1,1,1,2,2,3,5,0,0,0,0,0,0,0,0,0,1,0,0,4,1,,,,,0,0,0,1,0,0,1,2,1,1,2,4,4,1
3137557,1,60,11,13,3,3,2,1,1,0,0,0,0,0,0,0,2,2,2,0,0,1,1,1,1,0,0,0,,,2,9,2,2,2,3,2,3,5,1,1,0,0,0,1,0,0,0,0,0,0,1,3,,,,,0,0,1,1,0,0,1,3,1,1,1,2,2,1
3147550,1,57,10,14,3,3,1,1,1,0,0,0,0,0,0,0,3,2,,,,,,,,,,,,,4,2,2,6,6,2,6,3,3,1,1,1,0,0,0,0,0,0,0,0,0,1,3,1,1,2,3,0,0,0,0,0,1,,,,,,3,3,3
3149623,1,50,9,12,3,4,3,1,1,0,0,0,0,0,0,0,1,1,1,,,,,,,,,,,1,20,9,2,2,2,1,2,2,2,1,0,1,0,0,0,0,0,0,0,0,0,1,1,3,1,3,5,0,1,0,1,0,0,1,1,1,1,1,2,2,3
3169336,1,34,5,14,3,3,5,1,1,0,0,0,0,0,0,0,2,2,2,0,0,0,1,0,0,0,0,0,2,1,13,2,2,3,2,2,2,1,5,0,1,0,0,0,0,0,0,0,0,0,0,1,2,,,,,0,0,0,0,0,1,2,2,2,2,2,3,3,2
3195791,1,62,11,13,3,3,5,1,1,0,0,0,0,0,0,0,2,1,1,,,,,,,,,,2,1,4,2,1,1,1,1,3,2,4,0,1,0,0,0,0,0,0,1,0,0,0,3,3,2,2,2,3,0,0,0,0,0,1,1,3,3,3,3,3,3,3
3230286,1,55,10,13,3,3,1,1,1,0,0,0,0,0,0,0,2,1,,,,,,,,,,,,,4,2,1,4,4,3,6,2,5,0,0,0,0,0,1,0,0,0,1,0,0,2,1,,,,,1,0,0,0,0,0,,,,,,2,3,3
3237291,1,56,10,13,3,5,1,1,1,0,0,0,0,0,0,0,1,1,,,,,,,,,,,,,2,4,2,6,6,1,6,1,1,0,0,1,0,0,0,0,0,0,0,0,0,1,3,5,5,5,5,0,0,0,0,0,1,,,,,,1,1,1
3243900,2,52,9,13,3,3,3,1,1,0,0,0,0,0,0,0,2,1,2,1,0,0,0,0,0,0,0,0,,1,8,2,2,3,3,2,3,1,2,0,0,0,1,0,0,0,0,0,0,0,0,1,3,1,1,1,1,0,0,0,0,0,1,1,3,1,1,2,2,2,1
3249560,1,58,10,13,3,3,5,1,1,0,0,0,0,0,0,0,1,2,2,0,0,0,0,0,1,0,0,0,1,1,20,1,2,4,2,1,6,1,4,1,0,0,0,0,0,0,0,0,0,1,0,2,3,1,4,4,4,1,0,0,0,0,0,2,2,2,2,2,3,4,2
3251389,1,47,8,14,3,3,2,1,1,0,0,0,0,0,0,0,1,1,1,,,,,,,,,,,,4,2,1,6,6,2,6,2,4,0,0,0,0,0,0,0,0,0,0,1,0,1,3,2,2,4,4,0,0,0,1,0,0,1,1,1,1,1,2,1,1
3268205,1,40,7,14,3,5,2,1,1,0,0,0,0,0,0,0,3,1,1,,,,,,,,,,,,20,3,2,3,4,2,5,3,4,1,1,0,0,0,0,0,0,0,0,0,0,1,1,3,3,3,3,0,0,0,1,0,0,2,2,2,2,2,5,5,3
3277610,1,52,9,14,3,4,2,1,1,0,0,0,0,0,0,0,2,2,1,,,,,,,,,,,,2,5,2,6,3,2,3,1,4,0,0,0,0,0,0,0,0,0,1,0,0,1,1,1,1,1,1,0,0,0,0,0,1,1,1,1,1,1,1,4,2
3297232,1,50,9,12,3,3,5,1,1,0,0,0,0,0,0,0,2,2,2,1,1,0,0,0,0,0,0,0,4,4,11,2,2,2,2,2,2,2,2,0,0,0,0,0,1,0,0,0,0,0,0,2,2,2,2,3,2,0,1,0,0,0,0,1,1,2,2,1,2,2,1
3301222,1,59,10,13,3,3,4,1,1,0,0,0,0,0,0,0,2,2,1,,,,,,,,,,2,,9,2,1,3,2,2,2,2,5,1,0,0,0,0,1,0,0,0,0,0,0,2,3,,,,,1,1,0,0,0,0,1,1,3,1,2,2,2,1
3314060,1,64,11,12,3,3,5,1,1,0,0,0,0,0,0,0,3,1,1,,,,,,,,,,2,1,4,2,2,2,2,2,6,2,4,0,0,0,0,0,1,0,0,1,0,0,0,2,1,1,1,1,1,1,0,0,0,0,0,1,1,1,1,1,3,2,3
3315389,1,68,11,14,3,5,5,1,1,0,0,0,0,0,0,0,3,2,1,,,,,,,,,,4,4,20,3,1,1,1,2,1,2,5,0,1,0,0,0,0,0,0,0,0,0,0,2,1,,,,,0,0,0,0,0,1,2,2,2,2,2,3,3,3
3318963,1,54,9,14,3,4,3,1,1,0,0,0,0,0,0,0,2,2,2,0,0,0,0,1,0,0,0,0,,1,2,5,1,3,3,1,3,2,4,0,0,0,0,0,0,0,0,0,1,0,0,2,1,2,4,3,3,1,0,0,0,0,0,2,2,2,2,2,4,2,2
3333005,2,51,9,14,3,3,2,1,1,0,0,0,0,0,0,0,1,2,2,0,0,0,0,0,1,1,0,0,,,20,10,1,3,2,2,3,2,4,0,0,0,0,0,0,0,0,0,0,0,1,3,1,,,,,1,0,0,0,0,0,1,2,2,2,1,3,3,2
3338970,2,44,7,13,3,1,5,1,1,0,0,0,0,0,0,0,1,1,2,0,1,0,0,1,0,0,0,0,4,4,14,10,2,4,2,2,2,2,5,0,1,0,0,0,1,0,0,0,0,0,0,2,1,,,,,0,0,0,0,0,1,1,3,1,1,3,1,2,1
3373174,1,58,10,13,3,1,2,1,1,0,0,0,0,0,0,0,2,2,1,,,,,,,,,,,,20,2,2,4,3,2,6,2,5,1,0,0,0,0,0,1,0,1,0,0,0,1,3,,,,,0,0,0,0,0,1,2,2,2,2,2,2,3,2
3392412,1,44,7,13,3,3,2,1,1,0,0,0,0,0,0,0,2,2,1,,,,,,,,,,,,8,1,1,5,4,2,6,1,2,1,0,0,0,0,0,0,0,0,0,1,0,2,3,1,5,2,4,0,0,0,1,0,0,1,1,3,1,1,2,5,1
3399592,2,41,7,13,3,3,5,1,1,0,0,0,0,0,0,0,2,2,2,0,1,0,0,0,0,1,0,0,4,4,14,2,1,2,1,2,2,2,5,0,0,0,0,0,0,1,0,0,1,0,0,3,1,,,,,0,0,0,0,0,1,3,1,2,1,1,2,2,2
3417189,1,58,10,14,3,3,3,1,1,0,0,0,0,0,0,0,2,1,2,0,1,0,0,1,0,0,0,0,,2,2,1,2,3,3,3,3,3,4,1,0,0,1,0,0,0,0,0,0,0,0,3,1,3,3,3,3,0,0,0,0,0,1,2,2,2,2,2,4,4,2
3438165,1,58,10,14,3,3,2,1,1,0,0,0,0,0,0,0,3,1,1,,,,,,,,,,,,4,1,1,4,2,2,5,2,4,1,0,0,0,0,0,0,0,0,0,0,0,3,3,3,4,3,5,1,0,0,0,0,0,1,1,2,1,2,5,2,1
3438328,1,55,10,13,3,3,1,1,1,0,0,0,0,0,0,0,1,1,,,,,,,,,,,,,2,5,1,6,6,1,6,3,4,0,1,0,0,0,0,0,0,0,0,0,0,4,1,3,3,3,5,1,0,0,0,0,0,,,,,,4,4,2
3445761,1,58,10,12,3,3,5,1,1,0,0,0,0,0,0,0,1,2,1,,,,,,,,,,4,4,7,2,2,2,2,2,2,2,5,0,0,0,0,0,0,0,0,0,0,0,1,1,1,,,,,0,0,0,0,0,1,1,1,1,1,1,4,4,2
3475991,1,65,11,11,3,4,5,1,1,0,0,0,0,0,0,0,2,2,2,1,0,0,0,0,0,0,0,0,2,1,4,6,2,6,2,2,3,1,4,0,0,0,0,0,0,0,0,1,0,0,0,1,3,3,1,2,3,0,1,0,1,0,0,1,1,1,1,1,2,2,1
3488013,1,58,10,14,3,3,5,1,1,0,0,0,0,0,0,0,2,2,2,0,0,0,0,1,0,0,0,0,1,1,8,9,2,3,2,1,6,2,4,0,1,0,0,0,0,0,0,1,0,0,0,1,1,2,2,4,4,0,0,0,0,0,1,1,1,1,1,1,2,2,1
3492426,1,40,7,12,3,3,2,1,1,0,0,0,0,1,0,0,2,1,1,,,,,,,,,,,,4,1,2,6,2,1,6,1,5,0,0,0,0,0,0,0,0,0,0,0,1,1,3,,,,,0,0,0,0,0,1,1,2,1,1,1,1,1,1
3497669,1,45,8,12,3,3,2,1,1,0,0,0,0,0,0,0,1,2,1,,,,,,,,,,,,4,2,2,6,4,2,6,2,5,0,0,0,0,0,0,0,0,0,0,0,1,2,1,,,,,0,0,0,1,0,0,1,1,1,1,1,2,2,1
3523210,1,65,11,11,3,3,1,1,1,0,0,0,0,0,0,0,3,1,,,,,,,,,,,,,5,2,2,6,6,2,6,2,5,0,0,0,0,0,0,0,0,0,1,0,0,1,1,,,,,1,0,0,0,0,0,,,,,,2,2,1
3530878,2,52,9,13,3,3,5,1,1,0,0,0,0,1,0,0,2,2,2,0,0,0,0,0,1,0,0,0,4,4,14,2,2,3,2,3,6,3,5,1,1,0,0,0,0,0,0,0,0,0,0,2,3,,,,,0,0,0,1,0,0,3,1,1,1,1,4,5,3
3533971,1,44,7,13,3,3,3,1,1,0,0,0,0,0,0,0,2,1,2,0,0,0,0,0,0,1,0,0,,4,16,9,1,3,2,1,2,3,5,1,0,0,0,0,0,0,0,0,0,0,0,2,3,,,,,0,0,0,0,0,1,1,2,2,1,1,5,5,3
3536143,1,57,10,14,3,3,3,1,1,0,0,0,0,1,0,0,2,2,1,,,,,,,,,,,1,2,2,2,6,4,2,4,2,4,0,0,0,0,0,0,1,0,1,0,0,0,2,1,2,1,2,1,0,1,0,0,0,0,1,1,2,1,2,2,3,3
3536680,1,53,9,14,3,5,2,1,1,0,1,0,1,0,0,0,3,1,1,,,,,,,,,,,,6,1,6,6,6,2,6,2,4,1,0,0,0,0,1,0,0,0,0,0,0,2,1,3,2,3,4,0,0,0,0,0,1,1,1,1,1,1,3,3,3
3538929,1,44,7,13,3,4,1,1,1,0,0,0,0,0,0,0,1,1,,,,,,,,,,,,,4,5,1,6,6,2,6,1,5,1,0,0,0,0,0,0,0,0,0,0,0,1,1,,,,,0,1,1,1,0,0,,,,,,1,1,1
3557237,1,53,9,14,3,4,4,1,1,0,0,0,0,0,0,0,2,2,1,,,,,,,,,,2,,4,9,1,6,1,2,3,2,4,1,1,0,0,0,0,1,0,1,0,0,0,1,3,3,2,4,5,0,0,0,1,0,0,1,2,2,3,2,3,4,2
3563530,1,40,7,12,3,4,1,1,1,0,0,0,0,0,0,0,1,1,,,,,,,,,,,,,2,5,2,6,6,2,2,1,2,1,0,0,0,0,0,0,0,0,0,0,0,1,3,2,1,2,2,1,1,1,1,0,0,,,,,,2,1,1
3577423,1,41,7,12,3,5,5,1,1,0,0,0,0,1,0,0,1,2,2,0,1,0,0,0,0,1,1,0,4,2,6,1,2,5,2,1,2,2,5,1,1,0,0,0,0,0,0,0,0,1,0,1,2,,,,,0,1,0,1,0,0,2,2,2,2,1,1,2,1
3578937,1,54,9,12,3,3,2,1,1,1,0,0,0,0,0,0,2,1,1,,,,,,,,,,,,11,2,2,3,3,2,3,2,4,0,0,0,0,0,0,0,0,0,1,0,0,2,1,3,3,3,3,0,0,0,0,0,1,2,2,2,1,2,4,2,3
3579109,2,44,7,12,3,3,5,1,1,1,0,0,0,0,0,0,2,2,2,0,0,0,0,1,0,0,0,0,4,4,11,2,2,2,2,2,2,2,4,0,0,0,0,0,0,0,0,0,1,0,0,2,1,2,2,2,2,0,0,0,1,0,0,1,1,2,1,1,3,3,1
3582835,1,58,10,12,3,5,5,1,1,0,0,0,0,0,0,0,2,1,2,0,1,0,0,0,0,0,0,0,4,4,20,1,2,2,2,1,2,2,5,0,0,0,0,0,0,0,0,0,0,0,1,1,1,,,,,0,0,0,0,0,1,1,1,1,1,1,2,5,3
3583171,1,56,10,12,3,4,3,1,1,0,0,0,0,1,0,0,2,1,2,0,0,0,0,0,1,0,0,0,,1,2,5,2,4,3,2,3,2,5,0,0,0,0,0,0,0,0,1,0,0,0,1,3,,,,,0,0,0,1,0,0,1,1,1,1,1,2,3,1
3584191,1,67,11,11,3,4,2,1,1,0,0,0,0,0,0,0,3,1,1,,,,,,,,,,,,3,8,2,6,3,2,6,1,5,0,1,0,0,0,1,0,0,0,0,0,0,1,1,,,,,0,0,1,0,0,0,2,2,1,1,2,4,4,2
3600813,1,55,10,14,3,3,4,1,1,0,0,0,0,0,0,0,1,2,1,,,,,,,,,,2,,4,2,1,2,1,2,1,2,2,1,1,1,0,0,0,0,0,0,1,0,0,1,3,2,2,4,3,1,0,0,0,0,0,1,2,2,1,1,1,5,2
3606887,1,46,8,11,3,4,4,1,1,0,0,0,0,0,0,0,3,2,1,,,,,,,,,,2,,3,8,1,4,1,2,4,2,5,1,1,0,0,0,1,0,0,0,0,0,0,3,1,,,,,1,0,0,0,0,0,1,3,3,1,1,5,5,3
3607122,1,54,9,13,3,4,2,1,1,0,0,0,0,0,0,0,1,2,1,,,,,,,,,,,,2,2,2,2,3,2,3,1,4,0,0,0,0,0,0,0,0,1,0,0,0,1,1,1,1,1,1,1,0,0,0,0,0,1,1,1,1,1,1,3,1
3611205,1,62,11,13,3,4,3,1,1,0,0,0,0,0,0,0,3,1,1,,,,,,,,,,,1,3,8,2,3,2,2,6,2,4,1,1,1,0,0,0,0,0,0,0,0,0,1,3,2,2,2,3,0,1,0,0,0,0,1,1,1,1,1,2,3,1
3619996,2,37,6,13,3,3,5,1,1,0,0,0,0,0,0,0,1,2,2,0,1,0,0,1,0,0,0,0,4,4,8,2,2,2,2,2,2,2,5,1,0,0,0,0,0,0,0,0,0,0,0,2,1,,,,,0,0,0,0,0,1,1,1,2,1,1,2,1,1
3632502,1,51,9,13,3,4,5,1,1,0,0,0,0,0,0,0,3,2,2,0,0,0,0,1,0,0,0,0,4,4,2,5,1,1,1,2,6,3,5,0,0,0,0,0,0,0,0,0,0,0,1,4,1,,,,,0,0,0,0,0,1,2,2,2,2,2,4,4,2
3636639,1,59,10,12,3,4,3,1,1,0,0,0,1,0,0,0,1,1,1,,,,,,,,,,,3,2,5,1,3,3,2,3,1,5,1,1,0,0,0,1,1,0,1,1,0,0,3,2,,,,,1,1,1,1,0,0,1,1,2,1,1,1,2,1
3664746,1,56,10,13,3,3,5,1,1,0,0,0,0,0,0,0,2,2,2,0,0,0,0,0,0,1,0,0,2,1,6,2,2,2,2,2,5,3,4,0,0,0,0,0,0,0,0,0,0,0,1,3,3,,,,,0,0,0,0,0,1,2,3,3,3,3,4,4,2
3709364,1,43,7,13,3,3,5,1,1,0,0,0,0,0,0,0,1,1,1,,,,,,,,,,1,1,2,2,2,2,2,1,4,1,4,1,1,0,0,0,0,0,0,0,0,0,0,1,3,2,2,2,2,0,0,1,1,0,0,2,2,2,1,1,1,1,3
3716005,1,54,9,13,3,4,5,1,1,0,0,0,0,0,0,0,2,1,1,,,,,,,,,,4,1,3,8,1,1,1,1,4,3,4,0,0,0,0,0,0,0,0,0,0,0,1,4,3,,,,,0,0,0,0,0,1,2,2,2,2,2,4,4,2
3721449,1,55,10,11,3,3,3,1,1,0,0,0,0,0,0,0,2,2,2,0,1,0,0,1,1,0,0,0,,1,7,2,2,3,2,2,4,2,5,0,0,0,0,0,1,1,0,0,0,0,0,2,3,,,,,1,0,0,0,0,0,1,2,2,2,1,2,3,2
3723116,1,46,8,12,3,5,2,1,1,0,0,0,0,0,0,0,1,1,2,1,1,1,1,1,1,1,0,0,,,2,2,2,6,6,3,6,1,5,0,0,0,0,0,0,0,0,0,0,0,1,1,3,,,,,0,1,1,1,0,0,3,3,3,3,3,5,5,3
3729596,1,55,10,13,3,4,5,1,1,0,1,0,0,0,0,0,2,2,2,0,0,0,0,1,0,0,0,0,4,4,20,11,1,1,1,2,2,2,3,1,0,0,0,0,0,0,0,0,0,0,0,1,1,3,3,3,3,0,0,0,0,0,1,1,3,1,1,1,2,2,1
3736954,1,59,10,14,3,3,5,1,1,1,0,0,0,0,0,0,2,2,2,0,1,0,0,0,0,0,0,0,2,1,8,2,1,1,1,3,1,1,5,1,0,0,0,0,0,0,0,0,0,0,0,1,3,,,,,1,1,1,1,0,0,1,1,2,1,1,2,2,1
3739884,2,48,8,13,3,3,5,1,1,0,0,0,0,0,0,0,2,2,2,0,1,0,0,0,0,0,0,0,2,1,20,2,2,2,2,2,2,3,4,0,0,0,0,0,0,0,0,0,1,0,0,3,1,3,3,2,3,0,0,1,0,0,0,3,2,2,3,3,3,5,3
3759777,1,63,11,13,3,3,3,1,1,0,0,0,0,0,0,0,3,2,2,0,0,0,0,0,0,1,0,0,,1,2,2,2,6,6,3,6,2,5,1,0,0,0,0,0,0,0,0,0,0,0,2,1,,,,,0,0,0,0,0,1,2,2,2,2,2,2,2,2
3764376,1,40,7,14,3,3,3,1,1,1,0,0,0,0,0,0,2,2,2,0,0,0,0,0,0,0,0,1,,4,7,2,2,3,3,3,3,2,5,0,0,0,0,0,0,0,0,0,0,0,1,4,3,,,,,0,0,0,0,0,1,3,3,3,3,3,5,5,3
3765078,1,54,9,11,3,3,2,1,1,0,0,0,0,0,0,0,2,1,1,,,,,,,,,,,,8,2,1,5,5,2,6,1,2,0,0,1,0,0,0,0,0,0,0,0,0,2,2,1,4,2,2,1,1,1,0,0,0,1,1,1,1,1,2,2,1
3824532,1,46,8,11,3,4,2,1,1,0,0,0,0,0,0,0,1,2,1,,,,,,,,,,,,2,5,2,2,4,2,4,1,4,0,0,0,0,0,0,0,0,1,0,0,0,2,1,3,3,3,3,1,1,1,1,0,0,1,1,1,1,1,4,1,1
3824926,1,48,8,13,3,4,2,1,1,0,0,0,0,0,0,0,2,2,1,,,,,,,,,,,,4,1,1,5,3,3,3,2,5,1,0,0,0,0,0,0,0,0,1,0,0,2,1,,,,,0,1,0,0,0,0,1,1,1,1,2,2,5,1
3828922,1,55,10,11,3,3,5,1,1,0,0,0,0,0,0,0,1,1,2,0,1,0,0,1,0,0,0,0,1,1,4,1,2,2,2,1,2,3,5,0,1,0,0,0,0,0,0,0,0,0,0,1,3,,,,,0,0,0,0,0,1,2,2,2,2,2,5,5,2
3857244,2,46,8,11,3,3,3,1,1,1,0,0,0,0,0,0,1,1,1,,,,,,,,,,,2,14,10,1,4,4,2,4,1,5,0,0,0,0,0,0,0,0,0,0,0,1,1,1,,,,,0,0,0,0,0,1,2,2,2,2,2,4,5,3
3871659,2,51,9,13,3,3,1,1,1,0,0,0,0,0,0,0,1,2,,,,,,,,,,,,,4,2,2,6,6,1,6,2,5,0,0,0,0,0,0,0,0,0,1,0,0,1,1,,,,,0,0,1,0,0,0,,,,,,2,3,1
3872662,1,54,9,14,3,3,3,1,1,1,0,0,0,0,0,0,2,2,2,0,0,0,0,0,1,0,0,0,,1,9,2,1,4,2,2,3,2,5,0,1,0,0,0,0,0,0,0,0,0,0,2,1,,,,,0,0,0,1,0,0,2,1,2,1,1,2,3,1
3875998,1,50,9,13,3,3,3,1,1,0,0,0,0,0,0,0,1,1,2,0,1,0,0,0,0,0,0,0,,4,7,2,1,1,1,1,1,3,5,0,0,0,0,0,0,0,0,0,0,0,1,4,1,,,,,0,0,0,0,0,1,1,3,3,3,3,4,3,3
3879892,1,55,10,14,3,4,3,1,1,0,0,0,0,0,0,0,1,1,2,1,1,0,0,1,0,0,0,0,,1,20,5,2,3,2,1,2,3,3,1,1,0,0,0,1,0,0,0,0,0,0,1,3,1,1,1,1,1,0,0,0,0,0,1,1,2,2,1,2,2,1
3883759,1,40,7,13,3,3,3,1,1,0,0,0,0,0,0,0,2,2,1,,,,,,,,,,,2,3,8,2,2,3,2,3,2,2,0,1,0,0,0,1,0,0,0,0,0,0,2,2,2,3,2,3,0,0,1,1,0,0,1,1,2,1,1,2,2,1
3893486,1,47,8,12,3,3,2,1,1,1,0,0,0,1,0,0,2,2,1,,,,,,,,,,,,8,1,1,3,3,1,3,1,2,1,0,0,0,0,0,1,0,0,0,0,0,2,1,3,2,4,4,0,1,1,0,0,0,1,2,1,3,1,1,1,1
3900273,1,50,9,11,3,3,3,1,1,0,0,0,0,0,0,0,2,1,2,0,0,0,0,1,0,0,0,0,,1,8,1,2,3,2,2,2,1,4,0,0,0,0,0,0,0,0,1,0,0,0,2,1,1,1,1,4,1,0,0,0,0,0,2,1,2,1,1,2,2,1
3934538,1,57,10,12,3,3,4,1,1,0,0,0,0,0,0,0,2,2,2,0,0,0,0,0,0,1,0,0,1,,20,2,2,3,2,2,2,1,2,0,0,0,0,0,0,0,0,0,1,0,0,1,1,3,3,3,3,0,1,0,0,0,0,1,2,1,1,1,2,5,1
4006492,1,48,8,12,3,5,5,1,1,0,0,0,0,0,0,0,2,2,2,1,0,0,0,1,0,0,0,0,2,1,8,1,2,2,2,1,3,2,4,1,0,0,0,0,0,0,0,0,1,0,0,1,1,3,3,3,3,1,0,0,0,0,0,1,1,2,1,1,2,3,3
4006628,1,45,8,11,3,5,5,1,1,1,0,0,0,0,0,0,2,2,2,0,1,0,0,1,0,0,0,0,2,1,13,2,1,1,1,2,2,1,5,0,0,0,0,0,0,0,0,0,0,0,1,2,1,,,,,0,1,0,0,0,0,3,1,3,1,1,2,3,1
4009404,2,56,10,14,3,3,2,1,1,0,0,0,0,0,0,0,2,2,1,,,,,,,,,,,,19,2,2,5,3,2,4,1,4,0,0,0,0,0,0,0,0,0,1,0,0,2,1,2,3,3,4,0,0,1,1,0,0,1,1,2,1,3,2,2,1
4016300,1,33,5,14,3,4,5,1,1,0,0,0,0,1,0,0,2,2,2,0,0,0,0,1,0,0,0,0,1,4,4,6,2,4,2,2,2,2,4,1,0,0,0,0,0,0,0,0,0,0,0,3,3,2,1,1,4,0,0,0,0,0,1,1,2,2,2,2,1,2,1
4024401,1,50,9,13,3,4,5,1,1,1,0,0,0,0,0,0,1,2,2,0,0,0,1,0,0,0,0,0,4,1,11,2,2,2,2,2,2,1,4,1,1,0,0,0,0,1,0,1,0,0,0,1,2,5,1,1,3,0,0,1,0,0,0,1,2,2,1,1,3,3,2
4034587,1,51,9,12,3,3,2,1,1,0,0,0,0,0,1,0,2,1,1,,,,,,,,,,,,8,2,1,4,2,2,3,1,2,0,1,1,0,0,0,0,0,0,0,0,0,2,1,1,1,2,2,0,0,0,1,0,0,1,1,1,1,1,1,1,1
4048003,1,56,10,11,3,5,5,1,1,0,0,0,0,0,0,0,2,2,2,0,1,0,0,0,0,0,0,0,4,4,7,3,1,3,2,2,1,2,5,0,0,0,0,0,0,0,0,0,0,0,1,4,2,,,,,0,0,0,0,0,1,3,3,3,3,3,4,5,3
4052114,1,52,9,11,3,4,5,1,1,0,0,0,0,0,0,0,2,2,2,1,0,0,0,0,0,0,0,0,1,1,9,5,1,3,1,2,2,1,5,0,1,0,0,0,0,0,0,0,0,0,0,3,3,,,,,0,0,0,0,0,1,1,1,1,1,1,5,5,3
4084984,1,65,11,13,3,4,5,1,1,0,0,0,0,0,0,0,1,1,1,,,,,,,,,,4,4,11,3,1,1,1,2,1,1,4,0,0,0,0,0,0,1,0,0,1,0,0,2,1,1,1,1,1,0,0,0,0,0,1,2,2,1,1,1,1,4,2
4088250,2,44,7,13,3,5,2,1,1,0,0,0,0,0,0,0,3,1,1,,,,,,,,,,,,20,5,2,6,4,2,6,3,4,1,0,0,0,0,0,0,0,0,0,0,0,1,3,3,2,4,4,0,0,0,0,0,1,1,1,3,3,1,3,3,2
4091573,1,40,7,14,3,4,4,1,1,0,0,0,0,0,0,0,2,2,1,,,,,,,,,,2,,20,6,1,3,1,3,6,2,5,1,1,0,0,0,0,0,0,0,0,0,0,1,1,,,,,0,0,0,0,0,1,1,3,2,1,3,2,2,3
4092274,1,37,6,13,3,5,5,1,1,0,0,0,0,0,0,0,1,2,2,0,1,0,0,1,0,0,0,0,2,1,4,1,2,2,2,2,2,2,3,0,1,0,0,0,0,1,0,0,1,0,0,2,2,1,1,4,4,0,0,1,1,0,0,2,1,2,1,1,2,2,1
4108477,1,48,8,11,3,3,5,1,1,0,0,0,0,0,0,0,3,2,1,,,,,,,,,,2,1,11,2,2,2,2,1,4,2,2,1,0,1,1,0,0,0,0,0,0,0,0,3,3,2,2,3,2,0,0,0,0,0,1,1,1,2,1,1,2,3,1
4109418,2,41,7,13,3,5,5,1,1,0,0,0,0,0,0,0,2,2,2,1,0,0,0,1,0,0,0,0,4,4,14,10,1,1,1,2,1,2,2,0,0,0,0,0,0,1,0,1,0,0,0,1,1,1,1,2,2,0,1,0,1,0,0,1,1,3,3,1,3,3,3
4115662,1,44,7,12,3,5,2,1,1,0,0,0,0,0,0,0,2,2,2,0,1,0,0,0,0,0,0,0,,,9,1,2,3,2,2,2,1,3,1,0,0,0,0,0,0,0,0,0,0,0,1,1,2,1,2,2,0,0,1,0,0,0,1,2,1,1,1,2,1,1
4124556,1,60,11,11,3,3,2,1,1,1,0,0,0,0,0,0,2,1,1,,,,,,,,,,,,4,1,2,4,3,1,2,2,4,0,0,1,1,0,0,0,0,0,0,0,0,2,3,1,1,1,1,0,0,0,1,0,0,1,1,2,2,2,2,4,1
4126597,2,57,10,14,3,5,5,1,1,0,0,0,0,0,0,0,2,2,2,0,1,0,0,0,1,0,0,0,4,4,10,3,2,6,2,2,2,2,4,0,0,0,0,0,0,0,0,0,0,1,0,1,2,2,1,2,3,0,0,0,0,0,1,3,2,3,3,1,4,4,2
4128170,2,52,9,11,3,3,3,1,1,0,0,0,0,0,0,0,1,2,2,1,1,0,0,0,0,0,0,0,,4,12,2,2,3,2,2,2,2,3,0,1,0,0,0,0,0,0,0,1,0,0,1,3,2,4,2,3,0,0,0,0,0,1,1,3,1,1,3,2,4,1
4128930,1,50,9,11,3,4,5,1,1,0,0,0,0,0,0,0,1,2,2,0,0,0,0,1,0,0,0,0,4,4,3,8,1,1,1,1,1,3,4,0,0,0,0,0,0,0,0,0,0,1,0,3,1,4,4,4,4,1,0,0,0,0,0,2,1,2,2,2,4,4,2
4141773,1,61,11,13,3,4,1,1,1,0,0,0,0,0,0,0,1,1,,,,,,,,,,,,,2,10,2,6,6,2,6,2,3,1,1,0,0,0,0,0,0,0,0,0,0,1,1,3,1,1,3,0,0,0,0,0,1,,,,,,3,4,2
4146594,2,33,5,13,3,4,3,1,1,0,0,0,0,0,0,0,2,2,2,0,0,0,0,0,1,0,0,0,,1,4,6,1,6,4,3,4,2,5,0,0,0,0,0,0,1,0,0,0,0,0,2,3,,,,,0,0,0,1,0,0,1,3,3,1,3,5,5,1
4169140,1,60,11,13,3,3,2,1,1,0,0,0,0,0,0,0,1,1,1,,,,,,,,,,,,9,1,2,3,2,2,2,1,5,0,0,0,0,0,0,0,0,1,0,0,0,1,3,,,,,1,0,1,0,0,0,1,1,3,3,1,3,1,1
4174839,2,39,6,13,3,3,4,1,1,0,0,0,0,0,0,0,2,2,2,0,1,0,0,0,0,0,0,0,2,,18,2,1,1,1,2,2,2,4,1,0,0,0,0,0,1,1,0,0,0,0,1,1,3,2,2,3,0,0,0,1,0,0,1,1,1,1,1,3,3,1
4187739,2,43,7,14,3,3,3,1,1,0,0,0,0,0,0,0,1,1,2,0,0,0,0,0,1,0,0,0,,1,20,10,1,6,3,1,3,2,2,0,0,1,0,0,0,1,0,0,0,0,0,1,1,2,4,3,3,0,0,1,0,0,0,1,1,2,1,1,5,3,1
4188072,1,61,11,14,3,4,5,1,1,0,0,0,0,0,0,0,2,2,2,1,0,0,0,0,1,1,0,0,2,1,4,6,2,2,2,2,2,2,5,0,1,0,0,0,0,0,0,0,1,0,0,1,2,,,,,0,1,1,0,0,0,3,1,1,1,1,1,2,1
4199384,1,63,11,12,3,5,2,1,1,0,0,0,0,0,0,0,2,1,1,,,,,,,,,,,,8,1,2,6,5,1,6,1,5,0,0,0,0,0,1,0,0,0,0,0,0,1,1,,,,,0,0,0,0,0,1,1,1,1,1,1,2,2,1
4233649,1,51,9,11,3,5,5,1,1,0,0,0,0,0,0,0,2,2,2,0,0,0,0,0,0,1,0,0,4,4,16,1,2,2,2,2,3,2,4,0,1,0,0,0,0,0,0,0,0,0,0,2,2,2,2,2,2,1,0,0,0,0,0,1,3,2,3,2,2,3,3
4243046,1,62,11,14,3,1,5,1,1,0,0,0,0,0,1,0,3,1,1,,,,,,,,,,4,2,13,10,6,6,6,2,6,2,3,1,1,0,0,1,0,0,0,0,0,0,0,1,3,4,4,4,5,0,0,0,0,0,1,1,2,1,1,1,2,4,1
4256670,1,57,10,13,3,3,2,1,1,0,0,0,0,0,0,0,3,2,1,,,,,,,,,,,,4,1,2,3,3,2,6,2,5,0,0,0,0,0,0,0,0,0,0,0,1,2,1,,,,,0,0,0,0,0,1,3,3,3,3,3,3,4,3
4277736,1,63,11,14,3,4,2,1,1,0,0,0,0,0,0,0,3,1,2,0,0,0,0,1,0,0,0,0,,,4,4,2,4,3,1,3,2,4,1,1,0,0,0,1,0,0,0,0,0,0,2,2,1,3,3,3,0,0,1,0,0,0,2,2,2,2,2,3,4,3
4333199,2,50,9,12,3,3,2,1,1,0,0,0,0,1,0,0,2,1,1,,,,,,,,,,,,8,2,1,2,3,1,6,1,5,0,0,0,0,0,0,1,0,0,0,0,0,1,1,,,,,0,0,1,0,0,0,3,3,3,3,3,2,2,3
4364997,1,40,7,13,3,5,2,1,1,0,0,0,0,0,0,0,3,1,1,,,,,,,,,,,,18,1,2,6,3,2,4,1,2,0,0,0,1,0,0,0,0,0,0,0,0,2,2,3,2,2,2,0,0,1,0,0,0,1,2,1,1,1,2,3,1
4370893,1,60,11,14,3,3,5,1,1,0,0,0,0,1,0,0,2,1,2,1,0,0,0,0,0,0,0,0,1,4,20,10,2,3,2,2,2,2,4,0,0,0,0,0,0,0,0,1,0,0,0,3,3,1,1,1,1,0,0,1,0,0,0,2,2,2,2,2,3,2,3
4394387,1,48,8,12,3,3,5,1,1,0,0,0,0,0,0,0,3,2,2,0,0,0,0,0,0,0,1,0,4,4,6,1,2,2,2,1,3,2,4,0,1,0,0,0,0,0,0,0,0,0,0,2,1,2,2,2,2,0,0,0,1,0,0,1,2,2,2,2,3,3,2
4398036,1,49,8,13,3,5,4,1,1,0,0,0,0,0,0,0,3,2,1,,,,,,,,,,2,,16,4,1,3,1,1,6,1,2,0,0,0,0,0,0,0,0,0,1,0,0,3,3,3,3,3,3,0,0,0,0,0,1,2,2,2,2,2,4,4,2
4505969,1,47,8,13,3,3,5,1,1,0,0,0,0,0,0,0,2,2,2,1,1,0,0,0,0,0,0,0,2,1,4,2,1,5,1,2,2,1,2,1,0,0,0,0,0,0,0,0,1,0,0,2,1,3,3,3,3,0,1,1,0,0,0,2,2,1,1,1,1,2,1
4523262,1,53,9,13,3,3,5,1,1,0,0,0,0,0,0,0,3,2,2,0,0,0,0,0,0,0,0,1,4,4,8,3,2,2,2,1,6,1,4,1,1,0,0,0,0,1,0,0,1,0,0,3,1,3,2,2,4,0,0,0,1,0,0,1,1,1,1,1,1,1,1
4545291,1,58,10,13,3,4,3,1,1,0,0,0,0,0,0,0,2,1,1,,,,,,,,,,,1,8,5,2,6,6,2,6,2,5,0,0,0,0,0,0,0,0,1,0,0,0,1,1,,,,,0,0,0,0,0,1,1,2,2,3,2,4,4,3
4622604,1,33,5,13,3,5,2,1,1,0,0,0,0,0,0,0,2,1,1,,,,,,,,,,,,16,4,2,3,2,1,4,1,5,1,0,0,0,0,0,0,0,0,0,0,0,2,2,,,,,1,0,0,0,0,0,1,1,2,1,2,2,2,1
4669436,1,41,7,11,3,5,5,1,1,0,0,0,0,1,0,0,2,2,2,0,1,0,0,0,1,0,0,0,2,1,12,3,2,4,2,2,2,2,4,0,1,0,0,0,0,0,0,0,0,0,0,1,3,3,4,4,4,0,0,0,1,0,0,2,2,2,2,2,3,2,3
4746152,1,53,9,13,3,5,2,1,1,0,0,0,0,0,0,0,2,2,1,,,,,,,,,,,,4,2,3,4,3,2,3,2,4,0,0,1,0,0,0,0,0,0,0,0,0,1,1,3,3,3,3,1,1,0,0,0,0,1,1,1,1,2,1,1,1
4811486,1,62,11,13,3,4,5,1,1,0,0,0,0,0,0,0,1,2,2,1,0,0,0,0,0,0,0,0,4,4,20,11,1,1,1,2,1,1,5,0,1,0,0,0,0,0,0,0,0,0,0,1,2,,,,,0,1,0,0,0,0,1,1,1,1,1,2,2,1
4877777,1,56,10,13,3,5,4,1,1,0,0,0,0,0,0,0,3,2,1,,,,,,,,,,2,,19,2,1,1,1,1,5,1,1,0,0,0,0,0,0,0,0,1,0,0,0,2,1,3,3,3,3,0,0,1,0,0,0,2,2,2,2,2,3,3,2
4941133,1,50,9,13,3,3,3,1,1,0,0,0,0,0,0,0,2,2,2,0,0,0,0,0,0,0,1,0,,3,4,1,1,2,2,1,3,2,4,1,0,0,0,0,0,0,0,0,0,0,0,2,1,3,3,3,3,0,0,0,0,0,1,2,2,2,2,1,3,3,2
4949265,2,64,11,13,3,3,5,1,1,0,0,0,0,0,0,0,2,2,2,0,1,0,0,0,0,0,0,0,2,1,19,2,2,2,2,2,2,2,4,0,0,0,0,0,1,0,0,0,0,0,0,2,1,3,3,2,4,0,0,0,0,0,1,3,3,2,2,2,3,3,2
4982828,1,52,9,14,3,4,3,1,1,0,0,0,0,0,0,0,3,2,2,0,1,0,0,1,0,0,1,0,,4,3,8,2,3,2,3,6,3,4,0,1,1,0,0,1,0,0,1,0,1,0,2,1,3,4,4,3,0,0,0,0,1,0,1,1,1,1,2,2,3,1
5073269,1,44,7,11,3,3,2,1,1,0,0,0,0,0,0,0,1,1,1,,,,,,,,,,,,4,1,2,4,3,1,5,2,2,0,0,0,0,0,0,0,0,1,0,0,0,2,1,3,3,3,3,0,1,0,0,0,0,1,1,2,1,2,1,2,1
5142846,1,57,10,12,3,3,3,1,1,0,0,0,0,0,0,0,2,2,1,,,,,,,,,,,1,2,2,1,3,2,1,2,2,2,0,0,0,0,0,1,0,0,0,0,0,0,3,3,2,5,2,5,1,1,0,0,0,0,1,1,2,2,1,2,3,2
5164454,1,56,10,12,3,3,2,1,1,0,0,0,0,0,0,0,1,2,2,0,1,0,0,1,0,0,0,0,,,6,2,1,3,2,2,2,1,4,0,0,1,0,0,0,0,0,1,0,0,0,1,3,2,2,2,5,0,0,1,0,0,0,1,1,2,1,2,2,2,1
5257611,1,44,7,11,3,3,2,1,1,0,0,0,0,1,0,0,1,1,1,,,,,,,,,,,,2,9,2,4,3,1,1,1,2,1,1,1,0,0,1,0,0,0,1,0,0,1,3,2,1,2,2,1,1,1,0,0,0,1,1,1,1,1,2,2,1
5296970,1,54,9,13,3,3,5,1,1,0,0,0,0,0,0,0,1,1,2,0,1,0,0,0,0,0,0,0,1,1,20,2,1,6,1,2,1,1,4,0,0,0,0,0,0,0,0,0,1,0,0,1,1,2,3,2,1,0,1,0,0,0,0,1,1,1,1,1,2,1,1
5299002,1,64,11,13,3,3,5,1,1,0,0,0,0,0,0,0,1,2,2,0,1,0,1,0,0,0,0,0,4,1,3,2,1,1,1,2,1,3,4,0,0,0,0,0,0,0,0,0,0,0,1,2,3,,,,,0,1,0,0,0,0,2,2,2,2,2,2,4,3
5316148,2,33,5,13,3,4,1,1,1,0,0,0,0,1,0,0,2,2,,,,,,,,,,,,,2,5,2,6,6,2,6,2,3,1,0,0,0,0,0,0,0,0,0,0,0,2,1,2,2,2,3,1,0,0,0,0,0,,,,,,2,2,1
5325206,1,40,7,13,3,4,1,1,1,0,0,0,0,0,0,0,2,1,,,,,,,,,,,,,2,1,2,4,4,1,4,1,3,0,1,1,0,0,0,0,0,0,0,0,0,2,1,1,1,1,3,0,0,1,1,0,0,,,,,,2,2,1
5360969,1,40,7,13,3,3,2,1,1,0,0,0,0,0,1,0,3,1,1,,,,,,,,,,,,4,1,2,6,3,1,5,1,5,0,0,0,0,0,0,0,0,0,1,0,0,2,1,,,,,0,0,0,0,0,1,1,1,1,1,1,1,1,1
5402216,1,60,11,13,3,3,5,1,1,0,0,0,0,0,0,0,2,2,2,1,1,0,0,0,0,0,0,0,4,4,8,3,2,3,2,2,2,2,5,0,0,0,0,0,0,0,0,0,0,0,1,1,3,,,,,0,0,1,0,0,0,1,1,1,1,2,2,4,1
5462939,2,49,8,13,3,3,2,1,1,0,0,0,0,0,0,0,2,1,2,0,0,0,0,0,1,0,0,0,,,4,2,1,5,4,3,4,1,1,0,1,0,0,0,0,0,0,0,0,0,0,1,1,3,3,3,3,0,0,0,1,0,0,2,2,2,2,2,5,4,3
5583930,2,30,5,14,3,3,5,1,1,0,0,0,0,0,0,0,1,1,1,,,,,,,,,,4,4,11,2,2,3,2,1,2,1,2,0,1,1,0,0,0,0,0,0,0,0,0,1,1,2,3,3,3,0,1,0,1,0,0,1,1,1,1,1,2,2,1
5685448,1,43,7,12,3,3,1,1,1,1,1,0,0,0,0,0,2,1,,,,,,,,,,,,,20,3,2,4,6,1,6,1,5,0,0,0,0,0,0,0,0,0,0,0,1,1,1,,,,,1,1,0,0,0,0,,,,,,2,2,1
5889787,1,52,9,13,3,4,1,1,1,0,0,0,0,0,0,0,1,2,,,,,,,,,,,,,4,5,1,5,4,1,5,2,5,0,0,0,0,0,0,1,0,0,0,0,0,2,1,,,,,0,0,1,1,0,0,,,,,,2,3,1
5917987,2,54,9,13,3,4,5,1,1,0,0,0,0,0,0,0,2,1,2,1,1,0,1,1,0,0,0,0,4,4,20,10,2,2,2,3,2,2,5,0,0,0,0,0,1,0,0,0,1,0,0,1,3,,,,,0,0,0,1,0,0,1,2,1,1,2,3,2,1
5999906,1,63,11,14,3,4,2,1,1,0,0,0,0,0,0,0,2,2,1,,,,,,,,,,,,3,8,2,5,3,2,3,3,5,1,0,0,0,0,0,0,0,0,0,0,0,1,1,,,,,0,0,0,0,0,1,2,2,2,2,2,3,3,2
6013312,1,53,9,13,3,3,4,1,1,0,0,0,0,0,0,0,2,2,1,,,,,,,,,,2,,6,2,1,1,1,2,1,2,5,0,0,0,0,0,0,0,0,0,0,0,1,2,2,,,,,0,0,0,0,0,1,3,1,2,1,1,4,5,3
6058157,1,50,9,12,3,4,2,1,1,0,0,0,0,0,0,0,2,1,2,1,1,0,0,0,0,0,0,0,,,18,5,1,3,4,3,1,1,5,0,0,0,0,0,0,0,0,0,0,0,1,2,3,,,,,1,0,0,0,0,0,3,3,3,3,3,5,5,1
6208703,1,47,8,11,3,1,2,1,1,0,0,0,0,1,0,0,1,1,1,,,,,,,,,,,,19,8,2,2,2,1,2,1,4,0,0,0,0,0,0,0,0,0,1,0,0,1,1,3,3,3,3,0,0,0,0,0,1,1,1,1,1,1,2,1,1
6234513,1,44,7,14,3,3,3,1,1,1,0,0,0,0,0,0,2,1,2,0,1,0,0,1,0,0,0,0,,1,20,2,1,2,2,1,1,1,5,0,1,0,0,0,0,0,0,0,1,0,0,2,2,,,,,1,0,0,0,0,0,1,1,1,1,1,1,1,1
6239483,1,62,11,11,3,5,5,1,1,0,0,0,0,1,0,0,1,2,2,1,0,0,0,1,0,0,0,0,2,1,20,1,2,2,2,1,2,2,4,1,0,0,0,0,0,0,0,0,0,0,0,2,3,4,4,4,4,0,1,0,0,0,0,1,2,2,1,1,2,4,2
6272873,2,50,9,13,3,3,1,1,1,0,0,0,0,0,0,0,2,1,,,,,,,,,,,,,20,2,2,6,6,2,6,2,5,1,0,0,0,0,0,0,0,1,0,0,0,2,1,,,,,0,0,1,0,0,0,,,,,,2,3,1
6297610,1,42,7,11,3,5,5,1,1,0,0,0,0,0,0,0,2,1,1,,,,,,,,,,4,1,7,3,1,6,1,1,1,1,2,0,0,1,0,0,0,0,0,0,0,0,0,1,3,1,1,1,1,0,0,1,0,0,0,1,1,1,1,1,1,2,1
6402176,1,51,9,11,3,5,3,1,1,0,0,0,0,0,0,0,2,1,2,0,1,1,0,0,0,0,0,0,,1,2,4,2,3,2,2,2,1,4,1,0,0,0,0,1,0,0,0,0,0,0,1,3,2,4,4,4,1,0,1,0,0,0,1,1,1,1,2,2,1,1
6422654,1,62,11,14,3,3,4,1,1,0,0,0,0,0,0,0,2,2,1,,,,,,,,,,2,,11,2,1,3,1,2,2,1,3,0,0,0,0,0,0,1,0,0,1,0,0,2,2,3,3,3,3,0,1,1,0,0,0,1,1,1,1,1,2,2,1
6496609,1,57,10,12,3,4,5,1,1,0,0,0,0,1,0,0,2,1,2,0,0,0,0,0,0,1,0,0,2,1,3,8,2,2,2,2,6,2,4,1,1,0,1,0,1,0,0,1,0,0,0,1,3,1,1,1,1,1,0,0,0,0,0,2,2,2,2,2,3,3,2
6503830,1,27,4,11,3,3,4,1,1,0,0,0,0,0,0,0,2,2,1,,,,,,,,,,1,,7,1,1,2,1,2,3,1,2,0,0,0,0,0,0,0,0,1,0,0,0,1,2,1,4,1,4,0,0,1,0,0,0,1,2,1,1,1,2,3,3
6509403,1,58,10,13,3,5,2,1,1,0,0,0,0,0,0,0,2,2,1,,,,,,,,,,,,8,1,2,5,3,1,6,2,5,0,0,0,0,1,0,0,0,0,0,0,0,1,2,,,,,0,0,0,1,0,0,1,3,1,1,1,2,2,1
6538474,2,49,8,13,3,3,5,1,1,0,0,0,0,0,0,0,2,1,2,0,0,0,1,0,0,0,0,0,1,1,2,2,2,2,2,1,2,1,4,0,0,0,0,0,1,0,0,0,0,0,0,2,1,1,2,2,2,1,0,0,0,0,0,2,2,1,1,2,2,2,1
6554736,1,55,10,14,3,4,3,1,1,0,0,0,0,1,0,0,1,2,2,0,0,0,0,0,0,1,0,0,,4,2,6,1,1,1,3,2,2,5,0,0,0,0,0,0,0,0,0,1,0,0,3,1,,,,,0,0,0,0,0,1,2,2,2,2,2,4,2,3
6569953,1,48,8,13,3,4,5,1,1,0,0,0,0,0,0,0,3,2,2,0,0,1,0,0,0,0,0,0,2,1,2,5,1,4,1,3,1,1,2,0,0,0,0,0,0,0,0,0,0,0,1,1,1,,,,,0,1,0,0,0,0,1,1,1,1,1,2,3,3
6576027,2,40,7,13,3,5,3,1,1,0,0,0,0,0,0,0,2,1,2,0,1,0,0,0,0,0,0,0,,2,5,2,2,4,3,2,3,2,5,1,0,0,0,0,1,0,0,0,0,0,0,2,1,,,,,0,1,0,0,0,0,3,3,1,1,1,5,3,2
6589028,1,51,9,11,3,4,2,1,1,0,0,0,0,0,0,0,3,2,1,,,,,,,,,,,,2,5,2,6,6,1,6,1,4,0,1,0,0,0,1,0,0,0,0,0,0,3,1,3,3,3,2,1,0,0,0,0,0,2,2,2,2,2,1,2,1
6594430,1,53,9,13,3,4,2,1,1,0,0,0,0,0,0,0,3,2,1,,,,,,,,,,,,4,5,2,6,2,2,6,2,4,0,0,1,0,0,1,0,0,0,0,0,0,1,3,1,1,1,1,0,0,0,1,0,0,1,1,1,1,1,1,4,1
6594958,2,40,7,13,3,3,5,1,1,0,0,0,0,0,0,0,1,2,2,0,1,0,0,0,0,0,0,0,4,2,19,2,2,4,1,3,2,2,5,0,0,0,0,0,0,0,0,1,0,0,0,3,2,,,,,0,0,0,0,0,1,3,3,3,1,3,3,4,2
6614018,1,58,10,14,3,3,3,1,1,1,0,0,0,0,0,0,2,2,2,0,1,0,0,0,1,0,0,0,,1,11,1,2,4,2,1,2,2,3,1,1,0,0,0,1,0,0,0,0,0,0,3,1,3,3,3,3,0,0,0,0,0,1,3,3,3,3,3,5,5,3
6665181,1,53,9,14,3,3,1,1,1,1,0,0,0,0,0,0,1,2,,,,,,,,,,,,,20,2,2,6,5,3,6,2,4,0,0,0,0,0,0,0,0,0,0,0,1,2,1,,,,,0,1,0,0,0,0,,,,,,3,5,3
6670333,2,26,4,13,3,3,4,1,1,0,0,0,0,0,0,0,2,2,2,0,0,0,0,0,0,1,0,0,4,,3,2,1,1,1,3,2,2,5,0,0,0,0,0,0,0,0,0,0,0,1,3,1,,,,,0,0,0,0,0,1,1,1,1,1,1,2,5,1
6740000,2,50,9,13,3,5,5,1,1,0,0,0,0,1,0,0,1,2,2,0,0,0,0,1,0,0,0,0,4,4,10,3,2,2,2,2,2,2,4,0,0,0,0,0,1,0,0,0,0,0,0,1,1,3,3,3,3,0,0,0,0,0,1,2,2,2,2,2,4,3,3
6771078,1,58,10,12,3,3,2,1,1,0,0,0,0,0,0,0,2,2,1,,,,,,,,,,,,4,1,1,4,3,1,3,1,5,0,1,0,0,0,0,0,0,1,0,0,0,2,1,,,,,1,0,0,0,0,0,1,1,1,1,1,2,2,1
6779390,1,34,5,13,3,3,4,1,1,1,0,0,0,0,0,0,1,1,2,1,1,1,0,1,1,0,0,0,2,,4,2,1,4,1,2,2,1,2,0,1,0,0,0,0,1,0,0,0,0,0,1,2,2,2,2,5,0,1,0,0,0,0,1,1,1,1,1,1,2,1
6842777,1,62,11,13,3,3,4,1,1,1,0,0,0,0,0,0,2,1,1,,,,,,,,,,1,,7,2,2,6,3,2,5,1,2,0,1,1,0,0,0,1,0,1,0,0,0,1,2,2,2,3,3,0,1,0,1,0,0,1,1,1,1,1,2,1,1
6894111,1,61,11,13,3,3,5,1,1,0,0,0,0,0,0,0,2,2,1,,,,,,,,,,2,1,13,2,1,1,2,1,2,1,5,0,1,0,0,0,0,0,0,0,0,0,0,1,1,,,,,0,1,0,0,0,0,1,1,1,1,1,1,1,1
6902317,1,36,6,12,3,3,5,1,1,0,0,0,0,0,0,0,1,1,2,0,1,0,0,1,0,0,0,0,4,4,4,2,2,2,2,1,2,3,4,0,1,0,0,0,0,0,0,0,0,0,0,4,1,3,3,3,3,0,0,0,0,0,1,1,2,2,2,2,4,4,2
6909834,1,46,8,11,3,3,3,1,1,0,0,0,0,0,0,0,2,1,2,0,0,0,0,0,1,0,0,0,,1,3,2,2,3,2,1,2,2,4,1,0,0,0,0,0,0,0,0,0,0,0,1,1,3,3,3,3,1,0,0,0,0,0,1,3,2,1,1,4,2,3
6927472,2,55,10,13,3,3,5,1,1,0,0,0,0,0,0,0,2,1,1,,,,,,,,,,1,1,7,2,2,2,2,1,6,1,5,0,0,0,0,0,0,0,0,0,0,0,1,2,1,,,,,0,0,0,0,0,1,1,1,1,1,2,4,5,3
6991097,2,27,4,13,3,4,5,1,1,0,0,0,0,0,0,0,2,2,2,0,1,0,0,0,1,0,0,0,4,4,4,2,2,2,2,2,4,1,4,1,0,0,0,0,0,0,0,0,0,0,0,1,2,2,2,2,4,0,1,1,1,0,0,3,2,1,1,2,2,3,1
7009143,2,48,8,13,3,3,2,1,1,0,0,0,0,0,0,0,2,2,2,1,0,0,0,0,1,1,0,0,,,2,2,2,5,2,2,3,2,3,1,1,0,0,0,0,0,0,0,1,0,0,3,1,3,2,2,3,0,0,1,0,0,0,1,1,1,1,1,2,2,1
7011780,1,59,10,14,3,3,1,1,1,1,0,0,0,0,0,0,1,1,,,,,,,,,,,,,4,2,1,6,6,2,6,1,2,0,0,0,0,0,0,1,0,1,1,0,0,1,1,3,3,3,3,1,0,0,0,0,0,,,,,,2,2,1
7042807,1,62,11,13,3,4,5,1,1,0,0,0,0,1,0,0,3,2,2,0,0,0,1,0,0,0,0,0,2,1,7,1,1,1,1,1,3,1,5,0,0,0,0,0,1,0,0,0,0,0,0,2,2,,,,,0,0,1,0,0,0,1,1,1,1,1,2,3,1
7057259,1,35,6,13,3,3,3,1,1,0,0,0,0,0,0,0,2,2,1,,,,,,,,,,,1,8,1,2,4,3,1,5,2,5,0,0,0,0,0,0,0,0,0,0,0,1,3,1,,,,,0,0,0,0,0,1,2,3,2,2,2,5,3,2
7063324,1,41,7,11,3,4,3,1,1,0,0,0,0,0,0,0,2,1,2,0,1,0,0,1,0,0,0,0,,4,4,4,1,3,2,2,6,1,4,0,0,0,0,0,0,0,0,0,0,0,1,1,1,,,,,0,0,0,0,0,1,3,3,3,3,3,5,5,3
7082292,1,50,9,11,3,3,2,1,1,0,0,0,0,0,0,0,2,1,1,,,,,,,,,,,,20,1,2,5,3,2,3,2,4,0,0,1,0,0,0,0,0,0,0,0,0,2,3,1,1,1,4,1,0,0,0,0,0,2,2,2,1,1,2,2,1
7113394,1,38,6,14,3,3,5,1,1,0,0,0,0,0,0,0,1,1,1,,,,,,,,,,3,1,3,1,1,3,1,1,2,1,1,0,1,0,1,1,0,0,0,1,0,0,0,1,1,1,2,1,2,1,1,0,0,0,0,1,1,1,1,1,1,1,1
7179932,2,53,9,13,3,5,5,1,1,0,0,0,0,0,0,0,2,2,2,1,0,0,0,0,0,0,0,0,4,4,13,3,2,4,2,2,2,1,4,1,1,0,0,0,0,1,0,0,1,0,0,2,2,4,4,4,4,0,0,0,1,0,0,1,1,1,1,1,2,2,1
7193849,1,46,8,13,3,3,2,1,1,0,0,0,0,0,0,0,2,2,1,,,,,,,,,,,,8,10,1,3,2,2,3,2,4,1,0,0,1,0,1,1,1,1,0,0,0,3,1,1,3,3,3,0,0,0,0,0,1,1,3,3,1,3,2,4,3
7210790,2,58,10,14,3,3,2,1,1,0,0,0,0,1,0,0,2,1,1,,,,,,,,,,,,3,2,2,6,4,2,6,1,4,0,0,1,0,0,0,1,0,0,1,0,0,2,2,2,2,2,2,0,1,1,0,0,0,1,1,1,1,3,2,2,1
7231667,1,42,7,12,3,5,3,1,1,0,0,0,0,1,0,0,2,1,2,0,0,0,1,1,0,0,0,0,,3,13,2,1,6,2,3,2,2,5,1,1,0,0,0,0,0,0,0,0,0,0,1,3,,,,,0,0,0,0,1,0,3,1,1,1,1,3,4,2
7268038,1,47,8,13,3,4,3,1,1,0,0,0,0,0,0,0,2,2,2,0,1,0,0,1,0,0,0,0,,1,4,2,2,6,3,2,3,1,3,1,0,1,1,0,0,0,0,0,0,0,0,2,3,1,4,4,4,0,1,0,1,0,0,1,1,2,1,1,1,2,1
7271613,2,36,6,13,3,3,5,1,1,0,0,0,0,0,0,0,2,2,2,0,1,0,0,1,0,0,0,0,4,4,11,2,2,2,2,2,6,1,2,0,1,0,0,0,0,0,0,0,0,0,0,3,1,3,3,3,3,0,0,0,0,0,1,1,1,2,1,1,2,2,3
7370865,2,26,4,13,3,3,5,1,1,0,0,0,0,0,0,0,2,1,2,0,0,0,0,1,0,0,0,0,3,2,4,2,2,2,2,2,2,1,4,0,0,0,0,0,0,0,0,0,0,0,1,2,2,,,,,0,1,0,0,0,0,1,1,1,1,1,2,2,1
7473651,1,55,10,14,3,3,2,1,1,0,0,0,0,0,0,0,3,1,1,,,,,,,,,,,,11,1,1,2,6,2,6,3,5,0,0,0,0,0,0,0,0,1,0,0,0,3,3,,,,,0,0,0,0,0,1,3,3,3,3,3,4,4,2
7549442,1,50,9,13,3,5,5,1,1,0,0,0,0,0,0,0,3,1,2,0,0,0,0,0,0,1,0,0,4,4,4,1,1,5,1,2,2,2,5,0,1,0,0,0,0,1,0,0,0,0,0,2,3,,,,,0,0,1,0,0,0,1,1,1,1,1,5,2,3
7549603,2,31,5,13,3,3,4,1,1,0,0,0,0,0,0,0,3,1,1,,,,,,,,,,2,,14,2,2,3,2,2,5,1,3,1,0,0,0,0,0,1,0,0,0,0,0,2,3,2,2,3,3,0,1,0,1,0,0,1,3,1,1,3,2,5,1
7557020,2,24,3,14,3,3,4,1,1,0,0,0,0,0,0,0,1,1,1,,,,,,,,,,2,,18,2,1,1,1,2,1,1,4,0,0,0,0,0,0,0,0,0,1,0,0,2,1,3,2,2,2,0,1,0,0,0,0,1,1,1,1,1,1,1,1
7567162,2,34,5,14,3,5,1,1,1,0,0,0,0,0,0,0,2,1,,,,,,,,,,,,,2,2,2,6,5,1,6,1,3,0,1,0,0,0,0,0,0,0,0,0,0,2,1,1,1,1,3,0,0,1,0,0,0,,,,,,2,3,2
7638338,1,55,10,11,3,5,1,1,1,0,0,0,0,0,0,0,3,1,,,,,,,,,,,,,4,11,2,6,5,3,6,1,4,1,0,0,0,0,0,0,0,0,0,0,0,1,1,1,1,1,1,0,0,1,1,0,0,,,,,,1,2,1
7640173,2,27,4,13,3,3,5,1,1,0,0,0,0,0,0,0,2,2,2,0,0,0,1,0,1,0,0,0,4,4,7,2,2,2,2,2,3,1,3,0,0,0,0,0,0,0,0,0,0,1,0,2,2,2,2,2,3,0,0,0,0,0,1,1,2,2,1,3,2,3,3
7713843,1,58,10,13,3,3,2,1,1,0,0,0,0,0,0,0,2,1,1,,,,,,,,,,,,4,2,1,5,3,1,4,1,4,0,1,0,0,0,0,0,0,0,0,0,0,1,3,1,1,1,1,0,0,0,0,0,1,1,1,1,1,1,2,4,1
7748520,1,37,6,14,3,5,5,1,1,1,0,0,0,0,0,0,2,2,2,0,1,0,0,0,0,0,0,0,4,4,6,11,1,1,1,3,1,2,3,0,0,0,0,0,0,0,0,1,0,0,0,2,2,3,3,3,3,0,0,0,0,0,1,3,3,3,3,3,5,5,3
7766069,2,30,5,14,3,3,5,1,1,0,0,0,0,0,0,0,1,1,2,0,1,0,0,0,0,0,0,0,4,4,4,2,1,3,2,2,2,1,4,0,0,0,0,0,0,0,0,0,0,0,1,2,1,,,,,0,0,0,0,0,1,3,3,3,3,3,4,5,3
7777425,2,30,5,13,3,3,3,1,1,0,0,0,0,0,0,0,2,2,2,0,0,0,0,0,1,1,0,0,,1,20,2,1,5,2,3,4,2,5,0,0,0,0,0,0,0,0,0,1,0,0,2,1,,,,,1,0,1,1,0,0,1,1,2,1,1,2,4,2
7786933,2,33,5,13,3,3,5,1,1,0,0,0,0,0,0,0,2,2,2,0,1,0,0,1,1,0,0,0,4,4,13,2,1,1,1,2,2,1,5,1,0,0,0,0,0,1,0,0,0,0,0,1,1,,,,,1,0,1,0,0,0,1,3,2,1,1,2,2,1
7803110,1,60,11,13,3,3,5,1,1,0,0,0,0,0,0,0,2,1,2,1,0,0,0,1,0,0,0,0,4,4,11,1,2,6,2,2,2,1,4,1,1,0,1,0,0,1,0,1,0,0,0,1,3,2,2,2,3,0,1,0,0,0,0,1,1,1,1,3,1,1,1
7847573,1,54,9,13,3,3,5,1,1,0,0,0,0,0,0,0,1,1,2,0,0,0,0,1,1,0,0,0,4,4,4,2,2,2,2,3,1,1,5,0,1,0,0,0,0,0,0,0,0,0,0,1,3,,,,,0,0,1,0,0,0,3,3,3,3,3,4,2,3
7854712,2,35,6,13,3,3,5,1,1,0,0,0,0,1,0,0,2,2,2,1,0,0,1,0,0,0,0,0,2,1,13,2,1,4,2,1,2,1,2,1,0,0,0,0,0,0,0,0,0,1,0,1,3,1,2,1,1,0,1,0,1,0,0,1,1,1,1,1,2,2,1
7905269,2,27,4,11,3,3,4,1,1,0,0,0,0,1,0,0,1,1,2,0,1,1,0,0,0,0,0,0,1,,2,2,2,6,2,2,2,1,5,0,0,0,0,0,0,0,0,1,0,0,0,1,1,,,,,0,0,1,0,0,0,1,1,1,1,2,5,3,1
7916613,2,26,4,13,3,3,2,1,1,0,0,0,0,1,0,0,2,1,1,,,,,,,,,,,,20,2,2,3,2,2,2,1,4,0,1,0,0,0,1,0,0,0,0,0,0,1,1,2,2,3,4,0,1,0,1,0,0,1,1,2,2,2,2,2,1
7930074,1,44,7,13,3,4,3,1,1,0,0,0,0,1,0,0,1,2,1,,,,,,,,,,,1,4,7,2,3,2,2,2,1,2,0,1,0,0,0,0,0,0,0,0,0,0,2,1,3,2,3,3,0,0,0,1,0,0,3,3,1,1,3,2,2,1
7931082,1,45,8,13,3,5,4,1,1,0,0,0,0,0,0,0,2,2,1,,,,,,,,,,2,,20,2,2,3,2,2,2,1,5,1,1,0,0,0,0,0,0,0,0,0,0,2,1,,,,,1,0,1,1,0,0,1,1,1,1,1,5,5,1
7951788,2,42,7,13,3,3,5,1,1,0,0,0,0,0,0,0,1,2,2,0,1,0,1,0,1,1,0,0,2,1,20,2,1,2,1,1,2,2,5,0,0,0,0,0,0,0,0,0,1,0,0,1,3,,,,,0,0,0,0,0,1,3,3,3,3,3,3,5,3
7987292,1,40,7,14,3,5,4,1,1,0,0,0,0,0,0,0,1,2,1,,,,,,,,,,2,,14,10,1,2,2,2,3,2,4,1,0,1,0,0,1,0,0,0,0,0,0,3,3,1,1,1,2,0,0,1,0,0,0,1,3,3,3,1,4,4,2
7989169,1,55,10,13,3,3,4,1,1,0,0,0,0,0,0,0,2,2,2,0,1,0,0,0,0,0,0,0,1,,20,1,2,3,2,1,6,2,5,1,0,0,0,0,1,0,0,0,0,0,0,2,1,,,,,0,1,0,0,0,0,1,1,2,1,1,3,3,2
8000003,2,26,4,13,3,3,5,1,1,0,0,0,0,0,0,0,2,1,1,,,,,,,,,,2,1,14,2,2,2,2,2,2,1,5,0,0,0,0,0,0,1,0,0,1,0,0,1,1,,,,,0,0,0,1,0,0,1,1,1,1,1,1,3,1
8016235,1,32,5,13,3,3,3,1,1,0,0,0,0,1,0,0,1,1,2,0,0,0,0,0,1,0,0,0,,4,13,2,2,4,4,1,4,1,5,1,0,0,0,0,0,0,0,0,0,0,0,1,1,,,,,0,0,0,0,0,1,2,2,1,1,1,5,3,2
8019447,1,54,9,12,3,4,3,1,1,1,0,0,0,0,0,0,1,1,2,0,0,0,0,1,1,0,0,0,,1,4,6,2,4,2,1,2,2,2,0,0,0,0,0,0,1,0,0,0,0,0,3,1,3,3,2,3,0,1,0,1,0,0,1,1,3,1,1,2,3,3
8047094,1,46,8,12,3,5,2,1,1,0,0,0,0,0,0,0,3,2,1,,,,,,,,,,,,6,1,1,2,2,1,5,1,4,0,1,0,0,0,0,0,0,0,1,0,0,3,2,2,2,3,3,0,0,1,0,0,0,1,1,1,1,3,2,2,1
8058772,1,26,4,14,3,3,3,1,1,0,0,0,0,0,0,0,2,1,1,,,,,,,,,,,3,7,2,1,3,2,2,4,1,1,0,1,1,0,0,0,1,0,0,0,0,0,2,2,1,4,2,2,1,0,1,0,0,0,1,1,1,1,1,2,2,1
8067337,2,26,4,14,3,3,2,1,1,0,0,0,0,1,0,0,2,1,1,,,,,,,,,,,,7,2,1,6,3,1,6,1,2,1,0,1,0,0,0,0,0,0,0,1,0,2,1,3,5,4,3,0,0,0,1,0,0,1,3,2,1,1,1,1,1
8078067,1,50,9,13,3,4,3,1,1,0,0,0,0,0,0,0,2,1,1,,,,,,,,,,,1,20,1,1,6,3,2,4,2,4,1,0,0,0,0,0,0,0,0,0,0,0,3,3,1,5,5,1,0,0,1,0,0,0,1,2,2,1,2,3,4,2
8082652,1,49,8,13,3,4,2,1,1,1,0,0,1,1,0,0,2,1,1,,,,,,,,,,,,20,4,2,3,3,2,3,2,4,0,1,0,0,0,0,0,0,0,0,0,0,3,3,2,2,3,3,0,0,0,0,1,0,1,3,2,3,1,3,3,2
8091685,1,60,11,14,3,4,5,1,1,0,0,0,0,1,0,0,1,1,2,0,1,0,0,1,0,1,0,0,4,1,4,6,2,2,2,2,2,3,4,1,1,0,0,1,0,1,0,0,0,0,0,1,3,4,4,4,4,0,0,0,1,0,0,1,1,1,1,1,1,4,1
8091759,1,26,4,11,3,3,2,1,1,0,0,0,0,0,0,0,2,2,1,,,,,,,,,,,,8,2,3,3,4,2,2,1,2,0,0,0,1,0,0,0,0,0,0,0,0,1,2,3,3,3,3,0,0,1,0,0,0,2,2,2,2,2,2,2,1
8129663,1,27,4,13,3,3,2,1,1,0,0,0,0,0,0,0,3,2,1,,,,,,,,,,,,4,1,2,5,4,2,6,1,2,0,0,0,1,0,0,0,0,0,0,0,0,3,1,1,3,1,1,0,0,1,0,0,0,1,3,3,1,1,2,5,1
8137867,1,42,7,13,3,4,3,1,1,0,0,0,0,0,0,0,1,2,2,0,1,0,0,0,1,0,0,0,,1,8,5,2,3,2,2,3,1,2,0,0,0,0,0,0,0,0,0,0,1,0,2,1,3,3,3,3,0,0,0,1,0,0,1,3,1,1,1,2,1,1
8170487,2,24,3,14,3,5,5,1,1,0,0,0,0,0,0,0,2,2,2,1,0,0,1,0,0,0,0,0,2,1,7,3,2,3,2,2,3,2,4,1,0,0,0,0,0,0,0,1,0,0,0,2,1,3,3,3,3,0,0,0,0,0,1,1,3,1,1,1,2,5,1
8187471,2,28,4,11,3,3,5,1,1,0,0,0,0,0,0,0,2,2,2,0,0,0,0,1,0,0,0,0,4,4,8,2,1,3,2,1,2,2,5,1,0,0,0,0,0,0,0,0,0,0,0,1,1,,,,,0,1,0,0,0,0,1,1,1,1,1,1,4,3
8193528,1,34,5,12,3,4,2,1,1,0,0,0,0,0,0,0,3,2,1,,,,,,,,,,,,4,1,2,4,5,2,6,1,3,1,0,0,0,0,0,0,0,0,1,0,0,1,3,1,1,1,5,1,0,1,0,0,0,1,1,2,1,1,2,3,1
8408820,1,50,9,13,3,5,5,1,1,0,0,0,0,0,0,0,2,2,2,0,0,0,0,0,1,1,0,0,4,1,20,11,2,3,1,1,2,3,3,1,0,0,0,0,0,0,0,0,0,0,0,2,3,3,3,3,3,0,0,0,0,0,1,3,3,3,3,1,5,5,2
8531941,1,45,8,13,3,3,2,1,1,0,0,0,0,0,0,0,2,2,1,,,,,,,,,,,,8,9,1,3,3,1,3,1,4,0,1,0,0,0,1,0,0,0,0,0,0,1,3,4,4,4,4,0,0,0,1,0,0,1,1,1,1,1,2,2,1
8535540,1,63,11,13,3,4,2,1,1,0,0,0,0,0,0,0,3,2,1,,,,,,,,,,,,8,9,3,5,3,2,3,2,4,0,0,0,0,0,0,0,0,1,0,0,0,2,1,1,1,1,3,0,0,0,1,0,0,2,2,1,1,2,2,3,2
8564388,2,34,5,14,3,5,2,1,1,0,0,0,0,0,0,0,2,2,1,,,,,,,,,,,,9,1,1,4,3,1,3,1,5,0,0,0,0,0,0,0,0,0,1,0,0,1,3,,,,,1,1,1,1,0,0,3,3,3,1,1,2,2,1
8564433,1,63,11,14,3,4,1,1,1,0,0,0,0,0,0,0,1,1,,,,,,,,,,,,,4,1,2,6,6,1,6,1,4,1,1,1,0,0,1,0,0,0,1,0,0,1,1,2,2,4,5,1,1,1,0,0,0,,,,,,1,2,1
8683648,1,55,10,14,3,3,5,1,1,0,0,0,0,0,0,0,2,2,2,0,1,0,1,0,0,0,0,0,1,4,2,1,2,2,2,2,3,2,5,0,0,0,0,0,0,0,0,1,1,0,0,2,2,,,,,1,0,0,0,0,0,2,1,1,1,1,2,2,2
8691046,2,30,5,13,3,3,5,1,1,0,0,0,0,0,0,0,3,2,2,0,1,0,0,0,0,0,0,0,4,4,8,2,5,5,3,3,6,2,5,1,0,0,0,0,0,1,0,0,0,0,0,1,2,,,,,0,0,0,0,0,1,1,1,1,1,1,2,5,3
8717167,1,68,11,11,3,5,5,1,1,0,0,0,0,0,0,0,1,2,2,1,1,0,0,0,0,0,0,0,2,1,19,2,2,5,2,1,2,2,3,0,0,0,0,0,0,1,0,1,1,0,0,1,2,3,3,3,3,0,0,1,0,0,0,1,1,2,2,2,2,4,1
8719494,2,66,11,11,3,3,2,1,1,0,0,0,0,0,0,0,2,2,1,,,,,,,,,,,,15,11,2,4,3,2,3,2,4,0,0,0,0,0,0,0,0,0,0,0,1,3,1,,,,,0,0,0,0,0,1,1,2,2,1,2,3,3,2
8721108,1,53,9,12,3,3,4,1,1,0,0,0,0,0,0,0,2,1,1,,,,,,,,,,3,,7,2,2,3,2,2,2,2,4,1,1,0,0,0,0,0,0,0,0,0,0,2,3,3,3,3,3,0,0,0,1,0,0,1,1,1,1,1,2,2,1
8727775,2,32,5,11,3,3,5,1,1,0,0,0,0,0,0,0,1,1,2,0,0,0,1,1,0,0,0,0,4,4,4,2,2,2,2,2,2,3,5,0,0,0,0,0,0,0,0,0,0,0,1,2,1,,,,,0,0,0,0,0,1,3,3,3,3,3,3,5,3
8826940,1,36,6,12,3,3,2,1,1,0,0,0,0,0,0,0,1,1,1,,,,,,,,,,,,7,2,2,6,3,1,3,1,2,1,1,1,0,0,0,0,0,0,1,0,0,1,1,4,4,4,4,0,1,1,0,0,0,1,1,1,1,1,1,1,1
8831254,1,49,8,12,3,5,3,1,1,0,0,0,0,0,0,0,3,2,2,0,0,0,0,0,0,0,0,1,,4,10,1,1,2,3,1,3,2,2,0,1,1,0,0,0,0,0,0,0,0,0,3,2,2,3,2,2,0,1,0,0,0,0,2,1,2,2,1,2,2,2
8843571,1,48,8,13,3,5,2,1,1,0,0,0,0,1,0,0,2,1,1,,,,,,,,,,,,11,1,2,6,3,1,3,1,4,0,0,0,0,0,0,0,0,0,0,0,1,1,1,,,,,0,0,0,1,0,0,1,1,1,1,1,2,2,1
8851806,2,35,6,11,3,5,4,1,1,0,0,0,0,0,0,0,2,2,2,0,0,0,0,1,0,0,0,0,2,,13,10,2,5,2,1,3,2,1,0,1,0,0,0,0,0,0,0,0,0,0,2,2,2,2,2,3,0,0,0,0,0,1,1,1,1,1,1,2,3,2
8864639,1,63,11,11,3,5,5,1,1,0,0,0,0,1,0,0,3,2,2,0,0,0,0,0,0,1,0,0,2,1,7,1,2,2,2,1,6,2,5,1,0,0,0,0,0,0,0,1,0,0,0,3,1,,,,,0,0,0,0,0,1,2,2,2,2,2,3,3,2
8872917,1,61,11,14,3,3,2,1,1,0,0,0,0,0,0,0,2,1,1,,,,,,,,,,,,4,9,1,5,5,2,5,1,4,0,0,0,0,0,1,1,0,0,0,0,0,1,3,2,1,1,3,0,1,0,0,0,0,1,3,2,1,2,2,2,1
8878611,1,58,10,12,3,4,3,1,1,0,0,0,0,0,0,0,2,1,2,0,0,0,0,0,0,1,0,0,,1,3,6,2,3,3,3,3,2,5,0,0,0,0,0,0,0,0,0,0,0,1,2,2,,,,,1,0,0,0,0,0,1,1,1,1,1,3,5,3
8878637,1,62,11,12,3,3,2,1,1,0,0,0,0,0,0,0,2,2,1,,,,,,,,,,,,2,2,2,5,5,2,5,2,4,0,0,0,0,0,0,1,0,0,1,0,0,1,3,2,2,2,3,0,0,1,0,0,0,2,2,2,2,2,3,5,2
8885759,2,37,6,13,3,3,2,1,1,0,0,0,0,0,0,0,1,1,2,1,0,0,0,0,0,0,0,0,,,8,2,2,6,3,1,2,2,2,0,0,0,0,0,0,0,0,0,1,0,0,2,2,2,2,3,2,0,1,1,0,0,0,1,2,2,2,1,3,3,2
8891200,2,49,8,13,3,3,5,1,1,0,0,0,0,0,0,0,2,2,2,0,1,0,0,0,1,0,0,0,1,2,19,2,1,3,1,1,2,2,4,0,0,1,0,0,1,0,0,0,0,0,0,2,1,3,3,1,2,1,0,1,0,0,0,2,2,2,2,2,3,3,3
8910462,1,46,8,13,3,4,3,1,1,0,0,0,0,0,0,0,1,1,1,,,,,,,,,,,1,20,5,1,4,2,2,2,1,1,0,0,1,1,0,1,0,0,0,0,0,0,1,2,1,2,1,2,0,0,1,0,0,0,1,1,1,1,1,1,1,1
8911459,2,41,7,14,3,5,5,1,1,0,0,0,0,1,0,0,3,2,1,,,,,,,,,,4,4,10,3,2,3,1,1,2,1,5,0,0,0,0,0,0,0,0,1,0,0,0,3,2,,,,,0,0,0,0,0,1,2,1,2,2,2,3,2,1
8951193,1,36,6,14,3,3,3,1,1,0,0,0,0,0,0,0,2,2,2,0,1,0,0,1,0,0,0,0,,1,8,1,2,3,2,1,3,2,5,1,1,0,0,0,0,0,0,1,1,0,0,1,2,,,,,1,0,0,0,0,0,2,2,2,1,2,3,4,3
8996219,1,32,5,13,3,4,3,1,1,0,0,0,0,0,0,0,2,2,2,0,0,0,0,0,0,0,0,1,,1,2,5,1,6,6,3,6,3,4,1,1,0,0,0,0,0,0,0,0,0,0,2,3,1,5,2,4,0,0,1,0,0,0,2,2,1,1,2,2,2,2
8998700,2,45,8,12,3,3,4,1,1,0,0,0,0,0,0,0,2,2,1,,,,,,,,,,2,,12,2,2,5,2,1,2,1,1,0,0,0,0,0,0,1,0,1,1,0,0,1,2,1,3,3,3,1,1,1,1,0,0,1,1,1,1,2,2,2,1
9037086,1,39,6,14,3,3,2,1,1,0,0,0,0,0,0,0,2,1,1,,,,,,,,,,,,4,2,2,6,4,2,4,1,2,1,1,1,0,0,0,0,0,0,0,0,0,1,3,5,5,5,5,0,1,0,1,0,0,1,1,1,1,1,1,2,1
9206803,1,47,8,13,3,4,1,1,1,0,0,0,0,0,0,0,2,2,,,,,,,,,,,,,20,5,2,5,5,2,5,2,3,1,0,0,0,0,1,0,0,0,0,0,0,2,1,2,2,4,3,0,1,0,0,0,0,,,,,,2,2,1
9226116,2,34,5,13,3,3,1,1,1,0,0,0,0,0,0,0,3,1,,,,,,,,,,,,,2,2,2,6,5,3,6,1,4,1,1,0,0,0,0,0,0,0,0,0,0,2,1,3,3,3,3,0,0,1,0,0,0,,,,,,3,1,1
9254736,1,53,9,12,3,1,5,1,1,0,0,0,0,0,0,0,2,2,2,1,1,0,0,0,0,0,1,0,4,4,20,10,1,1,1,2,5,2,2,0,0,0,0,0,1,0,0,0,0,0,0,1,3,3,2,2,3,1,1,1,0,0,0,1,1,1,1,1,2,2,1
9281448,1,36,6,13,3,4,2,1,1,0,1,0,0,0,0,0,2,2,1,,,,,,,,,,,,20,5,1,3,2,2,3,2,2,0,1,0,1,0,0,0,0,1,0,0,0,2,2,2,2,2,2,1,0,0,0,0,0,1,1,1,1,1,2,2,1
9284940,2,45,8,13,3,4,4,1,1,0,0,0,0,1,0,0,2,1,1,,,,,,,,,,1,,14,10,1,4,1,2,1,1,2,0,0,0,0,0,0,1,1,0,0,0,0,1,1,3,2,2,2,0,0,1,0,0,0,1,1,1,1,2,1,1,1
9310026,2,52,9,13,3,3,5,1,1,0,0,0,0,0,0,0,2,1,1,,,,,,,,,,1,1,11,2,2,2,2,2,3,1,1,0,0,1,0,0,0,1,0,1,1,0,0,1,1,2,2,2,2,0,0,1,0,0,0,1,1,1,1,1,2,3,1
9339452,1,37,6,13,3,5,5,1,1,0,0,0,0,0,0,0,3,2,2,0,0,0,0,0,0,1,0,0,2,2,4,1,1,4,2,1,2,2,4,1,0,0,0,0,0,0,0,0,0,0,0,1,2,1,1,2,1,0,1,0,0,0,0,3,1,3,1,3,2,2,1
9356288,2,46,8,13,3,3,1,1,1,0,0,0,0,0,0,0,2,1,,,,,,,,,,,,,7,2,1,6,6,2,6,2,4,1,0,0,0,0,0,1,0,0,0,0,0,2,1,2,2,3,3,0,1,0,0,0,0,,,,,,2,2,1
9362743,2,26,4,11,3,3,5,1,1,0,0,0,0,0,0,0,2,2,2,0,1,0,0,0,0,1,0,0,4,1,4,2,2,2,2,3,2,3,4,1,0,0,0,0,0,0,0,0,0,0,0,1,1,2,1,2,3,0,0,1,0,0,0,2,2,2,2,2,4,4,2
9392151,1,50,9,13,3,1,4,1,1,1,0,0,0,0,0,0,2,2,1,,,,,,,,,,2,,19,2,1,1,1,1,1,2,4,1,1,0,0,0,1,0,0,0,0,0,0,1,3,2,2,2,4,1,0,1,0,0,0,2,2,2,2,2,2,2,3
11949185,1,64,11,11,3,3,2,1,1,0,0,0,0,0,0,0,1,1,1,,,,,,,,,,,,4,9,1,3,3,2,6,2,2,1,0,0,0,0,0,1,0,0,0,1,0,1,1,4,4,3,3,1,1,0,1,0,0,2,1,1,1,2,2,3,3
11955281,2,25,4,13,3,3,5,1,1,0,0,0,0,0,0,0,2,2,2,0,1,0,0,0,0,0,0,0,1,1,20,2,1,3,1,3,2,3,4,0,0,0,0,0,0,0,0,0,0,0,1,2,1,,,,,0,0,0,0,0,1,1,1,3,1,3,4,5,3
12060538,2,28,4,13,3,5,5,1,1,0,0,0,0,0,0,0,2,2,2,0,0,0,0,0,0,1,0,0,4,1,7,2,1,3,1,3,1,2,4,1,0,0,0,0,0,0,0,0,0,0,0,1,1,1,1,1,3,1,0,0,1,0,0,2,2,1,1,2,2,2,1
12067111,1,39,6,13,3,3,2,1,1,0,0,0,0,0,0,0,2,1,1,,,,,,,,,,,,20,2,2,4,3,2,3,1,5,0,1,0,0,0,0,0,0,1,0,0,0,3,1,,,,,0,1,1,0,0,0,1,1,2,1,1,1,3,1
12210476,2,43,7,13,3,3,3,1,1,0,0,0,0,0,0,0,1,2,2,0,1,0,0,0,0,1,0,0,,1,8,2,2,3,2,2,2,2,4,0,1,0,0,0,0,0,0,0,0,0,0,2,1,3,3,3,3,0,0,0,0,0,1,2,2,2,2,2,3,5,3
12346632,2,43,7,13,3,3,5,1,1,0,0,0,0,0,0,0,1,2,2,0,0,0,0,1,0,0,0,0,4,4,11,1,2,2,2,1,2,2,4,0,0,0,0,0,0,0,0,0,0,0,1,3,1,,,,,0,0,0,0,0,1,3,3,3,3,3,3,4,3
12382141,1,51,9,13,3,3,2,1,1,1,0,0,0,0,0,0,2,1,1,,,,,,,,,,,,6,1,2,4,3,2,3,1,2,1,1,1,1,0,0,0,0,1,1,0,0,2,3,2,1,2,3,0,1,1,1,0,0,1,1,1,1,1,1,1,1
12382866,1,55,10,11,3,3,3,1,1,0,0,0,0,0,0,0,2,1,2,0,1,0,0,0,0,0,0,0,,1,20,6,1,2,3,2,3,2,5,1,0,0,0,0,0,0,0,1,0,0,0,1,1,,,,,0,0,0,0,0,1,1,1,1,1,1,1,4,1
12383162,1,56,10,13,3,3,1,1,1,0,0,0,0,0,0,0,1,2,,,,,,,,,,,,,2,5,2,6,5,2,6,1,5,0,0,0,0,0,0,0,0,0,0,1,0,1,3,,,,,1,0,0,0,1,0,,,,,,1,2,1
12460144,1,48,8,14,3,4,5,1,1,0,0,0,0,0,0,0,2,2,2,0,0,0,0,0,0,1,0,0,1,1,20,5,2,2,2,1,2,1,4,0,1,0,0,0,0,0,0,0,0,1,0,1,1,1,1,1,4,0,0,0,0,0,1,1,1,1,1,1,1,1,1
12516563,1,33,5,11,3,5,1,1,1,0,0,0,0,0,0,0,2,1,,,,,,,,,,,,,2,1,1,6,6,2,5,1,5,0,1,0,0,0,0,0,0,0,0,0,0,1,3,,,,,0,0,1,0,0,0,,,,,,2,1,1
12602375,1,48,8,11,3,1,4,1,1,0,0,0,0,0,0,0,1,2,1,,,,,,,,,,2,,20,10,2,2,2,2,2,2,4,1,0,0,0,0,0,0,0,0,0,1,0,1,3,2,2,2,4,1,1,1,1,0,0,2,2,2,1,2,5,2,1
12629922,1,56,10,13,3,3,3,1,1,0,0,0,0,0,0,0,2,2,2,0,1,0,0,0,0,0,0,0,,2,13,2,1,4,3,2,4,2,5,1,1,1,0,0,1,1,0,0,0,0,0,1,1,,,,,0,1,0,0,0,0,1,1,1,1,1,2,2,1
12678958,1,51,9,13,3,3,2,1,1,0,0,0,0,0,0,0,2,1,1,,,,,,,,,,,,4,1,1,2,4,2,5,2,2,1,1,0,0,0,0,0,0,0,0,0,0,2,1,3,2,4,4,0,1,1,0,0,0,1,1,2,1,1,2,2,1
12691145,1,43,7,14,3,3,4,1,1,0,0,0,0,0,0,0,3,1,1,,,,,,,,,,1,,20,3,2,2,2,2,4,2,4,0,0,0,0,0,0,0,0,1,0,0,0,3,3,1,1,1,1,1,0,0,0,0,0,1,2,1,1,1,2,2,1
12869549,1,48,8,14,3,4,4,1,1,0,0,0,0,0,0,0,2,2,2,0,0,0,0,1,0,0,0,0,2,,4,6,2,5,1,1,3,1,5,0,0,0,0,0,0,0,0,0,0,0,1,2,2,,,,,0,1,0,0,0,0,1,2,1,1,2,1,2,1
12978296,1,52,9,14,3,3,2,1,1,0,0,0,0,0,0,0,2,1,2,0,1,0,0,1,0,0,0,0,,,4,1,2,4,2,2,3,1,4,0,0,0,0,0,0,0,0,0,0,0,1,1,3,,,,,0,1,1,0,0,0,1,2,1,1,1,5,5,3
13117738,2,40,7,14,3,3,2,1,1,0,0,0,0,0,0,0,2,1,1,,,,,,,,,,,,4,2,2,6,6,1,6,1,2,1,0,0,0,0,0,0,0,1,0,0,0,2,1,1,1,1,1,0,0,1,1,0,0,1,1,1,1,1,1,1,1
13350684,1,38,6,13,3,3,2,1,1,0,0,0,0,0,0,0,2,2,1,,,,,,,,,,,,20,1,2,6,3,2,6,3,5,0,0,0,0,0,0,0,0,0,0,0,1,2,1,,,,,0,0,0,1,0,0,1,3,1,2,3,3,3,2
13879406,1,50,9,12,3,3,3,1,1,0,0,0,0,0,0,0,2,2,1,,,,,,,,,,,1,8,1,1,3,2,2,3,2,2,0,0,0,0,0,0,0,0,1,0,0,0,2,1,1,1,1,2,0,0,0,1,0,0,1,1,2,1,1,2,2,1
14105878,1,38,6,13,3,3,2,1,1,0,0,0,0,0,0,0,2,2,2,1,0,0,0,0,0,0,0,0,,,18,1,2,5,3,3,3,3,5,0,0,0,0,0,0,0,0,0,0,0,1,4,2,,,,,0,0,0,0,0,1,2,2,2,2,2,2,1,2
14193277,1,56,10,14,3,3,5,1,1,0,0,0,0,0,0,0,3,2,1,,,,,,,,,,2,1,11,2,1,1,1,2,6,2,3,1,0,0,0,0,0,0,0,0,1,0,0,2,3,4,3,2,4,0,1,0,0,0,0,1,3,2,1,1,2,3,3
14265586,2,27,4,11,3,3,4,1,1,0,0,0,0,0,0,0,2,2,1,,,,,,,,,,1,,9,1,1,4,1,2,2,1,2,1,0,0,0,0,0,0,0,0,1,0,0,2,1,3,3,3,3,0,0,1,0,0,0,1,1,1,1,1,2,2,1
14284488,1,58,10,14,3,3,3,1,1,0,0,0,0,0,0,0,3,2,1,,,,,,,,,,,1,8,2,1,4,3,1,6,1,5,1,0,0,0,0,0,1,0,0,0,0,0,3,1,,,,,1,0,0,0,0,0,1,2,2,1,1,2,2,1
14328501,2,53,9,14,3,3,1,1,1,0,0,0,0,0,0,0,2,2,,,,,,,,,,,,,2,10,5,5,5,1,6,2,4,1,0,0,0,0,0,0,0,0,0,0,0,2,1,3,3,3,4,0,0,1,1,0,0,,,,,,2,3,1
14551448,1,45,8,13,3,4,2,1,1,0,0,0,0,0,0,0,3,1,1,,,,,,,,,,,,4,6,2,5,4,2,4,1,4,1,1,0,0,0,0,0,1,0,0,0,0,1,1,1,2,3,2,0,1,1,0,0,0,1,2,2,1,2,2,2,1
14559338,2,28,4,13,3,3,2,1,1,0,0,0,0,0,0,0,3,1,1,,,,,,,,,,,,4,2,1,6,4,1,6,1,5,0,0,0,0,0,0,0,0,0,1,0,0,2,3,,,,,0,1,0,0,0,0,1,2,2,1,2,2,4,2
14572151,1,49,8,12,3,4,1,1,1,0,0,0,0,0,0,0,1,1,,,,,,,,,,,,,2,5,2,6,6,2,6,2,5,1,0,0,0,0,0,0,0,0,0,0,0,1,1,,,,,1,0,1,0,0,0,,,,,,2,1,1
14996692,1,68,11,11,3,5,2,1,1,0,0,0,0,0,0,0,1,2,1,,,,,,,,,,,,9,3,2,2,2,1,2,2,4,1,1,0,0,0,0,0,0,0,0,0,0,3,3,1,1,1,1,0,1,1,0,0,0,1,2,1,1,2,2,5,3
15075727,1,52,9,13,3,4,5,1,1,0,0,0,0,0,0,0,3,1,1,,,,,,,,,,4,4,7,6,1,3,1,3,3,3,5,0,1,0,0,0,0,0,0,0,0,0,0,3,2,,,,,0,0,0,0,0,1,1,1,2,1,2,2,5,3
15107702,1,65,11,14,3,4,5,1,1,1,0,0,0,0,0,0,2,2,1,,,,,,,,,,2,1,9,8,2,2,2,2,3,1,4,0,0,0,0,0,1,0,0,0,0,0,0,2,1,3,2,2,4,0,0,0,0,0,1,3,3,3,1,1,2,5,3
15191579,2,29,4,13,3,3,5,1,1,0,0,0,0,0,0,0,2,2,2,1,1,0,0,1,0,0,0,0,2,1,8,2,1,6,1,2,2,1,5,1,0,0,0,0,0,0,0,0,0,0,0,3,1,,,,,1,0,0,0,0,0,3,3,3,3,1,2,2,1
15217166,1,50,9,12,3,5,5,1,1,1,0,0,0,0,0,0,2,2,2,0,1,0,0,0,0,0,0,0,4,4,19,3,2,2,2,2,2,2,4,1,0,0,0,0,0,0,0,0,1,0,0,2,1,1,1,3,3,0,0,0,0,0,1,1,1,2,1,2,2,3,3
15231037,1,33,5,12,3,4,3,1,1,0,0,0,0,0,0,0,1,2,2,0,1,0,0,0,1,1,0,0,,1,3,8,2,4,3,2,3,3,4,1,0,0,0,0,0,0,0,0,0,0,0,4,1,3,3,3,3,0,0,0,0,1,0,2,2,2,2,2,4,4,2
15238650,1,55,10,13,3,3,3,1,1,0,0,0,0,0,0,0,2,1,2,0,1,0,0,1,0,0,0,0,,1,8,1,2,3,2,2,2,2,5,0,1,0,0,0,0,1,0,0,0,0,0,3,1,,,,,1,0,0,0,0,0,2,2,2,2,2,2,1,1
15245699,1,39,6,12,3,3,2,1,1,0,0,0,0,0,0,0,2,2,2,1,1,1,0,0,0,0,0,0,,,2,2,1,1,5,3,5,2,5,0,0,0,0,0,0,0,0,0,0,0,1,1,1,,,,,0,0,0,1,0,0,3,3,3,3,3,5,5,3
15405521,2,59,10,13,3,5,4,1,1,0,0,0,0,1,0,0,2,2,2,0,1,1,0,0,0,0,0,0,2,,8,1,1,4,1,2,2,2,5,1,0,0,0,0,0,0,0,0,0,0,0,2,2,,,,,0,1,0,1,0,0,1,2,1,1,1,2,2,2
15485959,1,49,8,11,3,3,4,1,1,0,0,0,0,0,0,0,2,2,1,,,,,,,,,,2,,7,2,2,3,2,2,2,2,4,1,1,1,0,0,0,0,0,0,0,0,0,1,3,2,2,2,4,0,0,0,0,0,1,1,2,1,1,1,3,4,2
15585922,1,44,7,13,3,4,5,1,1,0,0,0,0,0,0,0,2,2,1,,,,,,,,,,4,3,2,5,2,3,2,2,2,1,5,0,0,0,0,0,0,1,0,0,0,0,0,1,1,,,,,0,1,0,1,0,0,1,1,1,1,1,2,3,1
15727425,1,44,7,12,3,4,3,1,1,1,0,0,0,1,0,0,2,2,2,0,1,0,0,1,0,1,0,0,,1,2,5,1,3,3,2,3,2,4,1,0,0,0,0,0,1,0,0,0,0,0,1,2,2,1,2,3,0,1,0,0,0,0,1,1,2,1,1,2,1,1
15756324,2,47,8,13,3,4,5,1,1,0,0,0,0,0,0,0,2,2,2,1,0,0,0,0,0,0,0,0,4,4,7,1,1,2,1,2,2,2,4,1,1,0,0,0,0,0,0,1,0,0,0,3,1,2,2,3,3,0,0,0,0,0,1,3,3,3,3,3,5,5,3
15878585,1,46,8,13,3,3,5,1,1,0,0,0,0,0,0,0,2,2,1,,,,,,,,,,2,1,6,2,2,2,2,1,3,1,2,1,0,0,0,0,1,0,0,1,0,0,0,3,2,1,2,3,2,0,0,1,0,0,0,1,1,2,1,1,2,2,1
16200532,1,34,5,14,3,5,2,1,1,0,0,0,0,0,0,0,2,2,1,,,,,,,,,,,,11,9,2,6,3,2,4,2,2,1,0,0,0,0,0,0,0,1,0,0,0,2,1,1,2,3,4,0,1,1,0,0,0,1,1,1,1,1,5,2,1
16240947,1,35,6,13,3,3,4,1,1,0,0,0,0,0,0,0,3,1,1,,,,,,,,,,2,,20,2,1,3,2,2,6,1,4,1,1,0,0,0,0,0,0,0,0,0,0,1,2,1,2,5,5,0,0,0,0,0,1,1,1,1,1,3,5,3,3
16246988,2,52,9,14,3,5,5,1,1,1,0,0,0,0,0,0,1,2,2,0,1,0,0,1,0,0,0,0,4,4,20,3,2,2,2,2,2,2,5,0,1,0,0,0,0,0,0,1,0,0,0,2,1,,,,,0,1,0,0,0,0,1,1,2,1,1,2,3,1
16261632,1,49,8,14,3,4,5,1,1,0,0,0,0,0,0,0,1,1,2,1,1,0,0,0,0,0,0,0,1,1,20,5,1,4,1,2,2,2,2,0,0,0,0,0,0,1,0,0,1,0,0,2,2,2,2,2,3,1,0,0,0,0,0,1,2,2,1,2,2,3,1
16336333,1,29,4,14,3,5,3,1,1,0,0,0,0,0,0,0,2,2,2,0,0,1,0,0,0,0,0,0,,4,4,1,2,2,2,2,2,1,5,0,0,0,0,0,0,0,0,0,1,0,0,2,1,,,,,0,1,0,0,0,0,1,2,1,1,2,2,2,1
16351268,2,30,5,13,3,5,5,1,1,0,0,0,0,0,0,0,2,2,2,1,0,0,1,1,0,0,0,0,4,2,14,10,1,1,1,2,3,2,3,1,0,0,0,0,0,0,0,0,0,0,0,3,3,1,1,2,2,0,0,0,0,0,1,1,1,1,1,1,2,2,1
16387550,2,32,5,13,3,3,3,1,1,0,0,0,0,0,0,0,2,2,2,0,1,0,0,0,1,0,0,0,,1,20,1,1,5,3,2,6,2,5,0,0,0,0,0,0,0,0,1,1,0,0,2,1,,,,,0,1,0,0,0,0,1,1,1,1,2,2,2,3
16497346,1,43,7,11,3,1,3,1,1,0,0,0,0,0,0,0,3,2,1,,,,,,,,,,,1,20,2,2,3,2,2,6,1,3,0,1,1,1,0,0,0,0,0,0,0,0,2,2,2,1,1,4,0,1,1,1,0,0,1,1,3,3,1,1,3,1
16508856,1,29,4,12,3,3,2,1,1,1,1,1,1,1,0,0,2,1,1,,,,,,,,,,,,4,2,1,4,4,1,6,1,1,1,1,1,1,1,1,1,1,1,1,0,0,2,1,1,1,1,1,1,1,1,1,0,0,1,1,1,1,1,1,1,1
16542962,1,30,5,13,3,5,4,1,1,0,0,0,0,0,0,0,2,2,2,1,0,0,0,0,0,0,0,0,2,,7,1,1,4,1,3,1,2,5,1,0,0,0,0,0,0,0,1,1,0,0,3,1,,,,,1,0,0,0,0,0,2,2,1,1,1,2,3,1
16551695,2,28,4,12,3,3,5,1,1,0,0,0,0,0,0,0,1,1,2,1,1,0,0,1,0,0,0,0,1,4,13,4,2,6,2,2,2,2,5,0,0,0,0,0,0,0,0,0,0,0,1,1,3,,,,,0,0,0,0,0,1,2,2,2,2,2,2,4,1
16563201,1,39,6,13,3,3,5,1,1,0,0,0,0,0,0,0,1,2,2,0,1,0,0,0,0,0,0,0,4,1,8,2,1,3,1,1,2,1,2,0,1,0,0,0,0,1,0,0,0,0,0,2,1,2,2,3,2,0,1,0,0,0,0,1,1,1,1,1,2,2,1
16563384,1,39,6,13,3,3,2,1,1,0,0,0,0,0,0,0,2,2,2,0,1,0,0,0,0,0,0,0,,,20,2,1,4,3,2,3,1,2,1,0,0,0,0,0,0,0,1,0,0,0,1,2,1,2,2,2,1,0,1,1,0,0,1,1,1,1,1,1,1,1
16625071,1,38,6,13,3,3,5,1,1,0,0,0,0,0,0,0,2,1,2,1,0,0,0,1,0,0,0,0,4,4,9,1,1,1,1,1,2,2,5,0,0,0,0,0,0,0,0,0,1,0,0,3,1,,,,,1,0,0,0,0,0,2,2,2,2,2,3,2,3
16638310,1,66,11,13,3,5,2,1,1,0,0,0,0,0,0,0,2,2,1,,,,,,,,,,,,16,1,1,3,3,3,3,3,4,0,0,0,0,0,0,0,0,0,0,0,1,3,1,,,,,0,0,0,0,0,1,2,2,2,2,2,4,4,2
16685660,1,44,7,13,3,4,2,1,1,0,0,0,0,0,0,0,1,1,1,,,,,,,,,,,,6,6,2,3,3,2,3,1,2,0,1,0,0,0,0,0,0,0,0,0,0,3,1,3,3,3,3,0,1,0,0,0,0,1,1,1,1,1,2,2,1
16734431,2,31,5,13,3,3,1,1,1,1,0,0,0,0,0,0,1,2,,,,,,,,,,,,,11,2,1,5,3,2,6,1,5,0,0,0,0,0,0,0,0,0,0,1,0,1,1,,,,,1,0,0,0,0,0,,,,,,1,1,1
16742019,1,37,6,13,3,5,3,1,1,0,0,0,0,0,0,0,2,2,1,,,,,,,,,,,1,20,2,2,4,3,2,3,1,2,0,0,0,0,0,0,0,0,0,1,0,0,2,2,3,3,2,2,0,1,0,0,0,0,1,1,2,2,2,2,2,1
16791285,2,45,8,13,3,4,2,1,1,0,0,0,0,0,0,0,2,1,2,0,0,0,1,0,0,0,0,0,,,2,10,3,4,4,3,4,2,5,0,0,0,0,0,0,1,0,0,0,0,0,4,1,,,,,0,1,1,0,0,0,1,2,2,1,2,1,1,1
16829664,1,53,9,13,3,4,1,1,1,0,0,0,0,0,0,0,3,1,,,,,,,,,,,,,20,2,6,6,6,2,6,3,5,0,0,0,0,0,0,1,0,0,0,0,0,1,1,,,,,0,0,0,0,0,1,,,,,,4,4,2
16844039,1,43,7,11,3,4,1,1,1,0,0,0,0,0,0,0,2,2,,,,,,,,,,,,,17,5,2,5,6,3,6,2,5,0,0,0,0,0,0,0,0,0,0,0,1,3,3,,,,,0,0,0,0,0,1,,,,,,4,4,2
16865473,1,63,11,11,3,3,5,1,1,0,1,0,0,0,0,0,3,2,1,,,,,,,,,,3,3,7,1,2,4,4,1,6,1,4,0,1,0,0,0,0,0,0,0,0,0,0,3,1,3,3,3,3,0,0,0,0,0,1,2,2,2,2,2,2,3,2
17613057,2,33,5,13,3,3,2,1,1,0,0,0,0,0,0,0,2,2,1,,,,,,,,,,,,18,2,1,4,4,2,4,2,2,0,0,1,0,0,0,0,0,0,0,0,0,2,1,3,4,3,1,1,0,0,0,0,0,1,2,3,2,2,2,2,2
17647977,1,34,5,13,3,3,5,1,1,0,0,0,0,0,0,0,1,2,2,0,0,0,0,0,0,0,0,1,4,1,4,1,2,2,2,2,2,2,4,1,0,0,0,0,0,0,0,0,0,1,0,2,1,3,3,3,3,0,0,0,0,0,1,1,1,1,1,1,5,4,3
17653767,1,54,9,11,3,3,2,1,1,0,0,0,0,1,0,0,2,1,1,,,,,,,,,,,,4,1,2,3,3,1,4,1,1,0,0,1,1,0,0,1,0,1,0,0,0,2,1,3,3,3,3,0,0,0,1,0,0,1,1,1,1,1,1,4,1
17712797,1,46,8,14,3,5,5,1,1,0,0,0,0,0,0,0,2,1,1,,,,,,,,,,1,2,14,10,1,6,1,3,1,1,5,0,0,0,0,0,0,1,0,0,0,0,0,1,1,,,,,1,0,1,0,0,0,1,1,2,1,1,3,1,1
17736003,2,34,5,13,3,5,5,1,1,1,0,0,0,1,1,0,2,1,1,,,,,,,,,,4,4,4,3,2,6,4,1,6,2,5,0,0,0,0,0,0,0,0,0,1,0,0,1,3,,,,,1,0,1,1,0,0,1,1,1,1,3,4,5,1
17763770,1,56,10,14,3,3,5,1,1,1,0,0,0,0,0,0,2,2,2,0,1,1,0,1,1,1,0,0,4,4,13,1,2,2,2,2,2,2,4,0,0,0,0,0,1,0,0,1,1,0,0,2,1,3,3,3,2,0,1,1,0,0,0,1,1,1,1,1,2,3,3
17888457,2,47,8,13,3,3,5,1,1,0,0,0,0,0,0,0,2,2,2,0,1,0,0,0,0,0,0,0,4,4,8,2,2,2,2,2,2,2,5,0,1,0,0,0,0,0,0,0,0,0,0,2,1,,,,,0,0,0,0,0,1,1,1,2,2,1,4,4,3
18011298,1,36,6,13,3,3,3,1,1,0,0,0,0,0,0,0,2,1,2,1,1,0,0,0,0,0,0,0,,4,7,1,1,4,2,2,3,1,4,0,0,0,0,0,0,0,0,0,1,0,0,2,1,3,2,3,3,0,0,0,0,0,1,1,2,1,2,1,2,1,1
18048211,1,48,8,13,3,4,1,1,1,0,0,0,0,0,0,0,2,1,,,,,,,,,,,,,2,5,1,6,3,2,3,3,4,1,0,0,0,0,0,0,0,1,1,0,0,3,1,5,5,5,1,0,0,1,1,0,0,,,,,,3,4,2
18129293,2,43,7,13,3,3,5,1,1,0,0,0,0,0,0,0,2,2,2,1,1,0,0,1,1,1,0,0,4,1,8,2,1,2,1,2,2,3,4,1,1,0,0,0,0,0,0,1,0,0,0,1,1,1,1,1,1,0,0,0,1,0,0,1,1,3,3,1,3,3,3
18153113,1,46,8,13,3,3,2,1,1,0,0,1,0,0,0,0,2,1,1,,,,,,,,,,,,8,1,1,5,3,2,6,1,3,1,0,0,0,0,0,0,0,0,0,1,0,2,2,3,3,3,3,0,0,0,0,0,1,1,1,2,1,1,2,3,3
18196885,2,52,9,13,3,4,1,1,1,0,0,0,0,0,0,0,1,1,,,,,,,,,,,,,20,4,1,4,4,1,5,2,2,0,0,0,0,0,0,0,0,0,0,1,0,2,1,1,1,1,2,1,0,0,0,0,0,,,,,,3,1,1
18255260,1,39,6,12,3,4,1,1,1,0,0,0,0,0,0,0,2,2,,,,,,,,,,,,,2,5,2,6,6,1,6,2,4,1,0,0,0,0,0,1,0,0,1,0,0,1,1,1,3,4,4,0,0,0,0,0,1,,,,,,1,1,1
18260463,2,33,5,11,3,3,2,1,1,0,0,0,0,0,0,0,1,1,2,0,1,0,0,0,0,0,0,0,,,8,1,1,4,3,2,3,1,5,0,0,0,0,0,0,0,0,0,0,0,1,2,2,,,,,0,0,1,0,0,0,1,1,1,3,3,2,2,1
18418293,1,46,8,12,3,3,5,1,1,0,0,0,0,0,0,0,2,2,2,0,0,0,0,1,0,0,0,0,4,1,4,2,2,2,2,1,2,3,5,1,1,0,0,0,0,0,0,0,0,0,0,3,1,,,,,0,0,0,0,0,1,3,3,3,3,3,5,4,2
18449880,1,21,3,13,3,5,3,1,1,1,1,1,0,1,0,0,2,1,1,,,,,,,,,,,2,4,6,3,3,3,1,3,1,3,0,0,0,0,0,0,0,0,0,0,1,0,1,2,3,2,3,3,1,1,1,0,0,0,1,1,1,1,1,1,3,1
18512458,2,27,4,11,3,5,5,1,1,0,0,0,0,0,0,0,1,1,2,0,1,0,1,0,0,0,0,0,4,4,9,3,1,2,1,2,1,2,2,1,0,0,0,0,0,1,0,0,0,1,0,2,1,3,2,2,2,1,0,1,0,0,0,1,1,3,1,1,2,2,1
18556745,1,35,6,13,3,5,5,1,1,0,0,0,0,0,0,0,1,1,2,0,1,0,0,0,0,0,0,0,4,4,4,1,1,1,1,1,1,1,2,1,0,0,0,0,0,0,0,0,0,0,0,2,2,2,2,2,2,0,1,0,0,0,0,1,1,1,1,2,1,2,2
18562619,2,27,4,13,3,3,4,1,1,0,0,0,0,0,0,0,1,1,2,1,1,0,0,0,0,0,0,0,4,,2,2,2,2,2,2,1,2,5,0,1,0,0,0,0,0,0,0,0,0,0,3,1,,,,,0,0,0,1,0,0,1,3,3,1,1,2,3,1
18791523,2,34,5,13,3,3,4,1,1,0,1,0,0,1,0,0,2,1,1,,,,,,,,,,2,,11,2,1,6,3,2,4,1,1,1,0,0,0,0,0,0,0,0,0,0,0,2,3,3,2,2,3,1,1,0,0,0,0,1,1,2,1,1,2,2,1
18862124,2,33,5,13,3,3,5,1,1,0,0,0,0,0,0,0,2,2,2,0,0,0,0,1,0,1,0,0,1,1,12,2,1,3,1,2,3,1,4,0,0,0,0,0,0,0,0,0,1,0,0,2,1,2,1,1,5,1,1,0,0,0,0,1,1,1,1,1,2,2,1
18875562,1,43,7,13,3,3,3,1,1,0,0,0,0,0,0,0,2,1,2,0,1,0,0,0,1,0,0,0,,1,15,2,1,3,1,2,1,1,5,1,0,0,0,0,0,0,0,0,0,0,0,3,2,,,,,1,1,0,0,0,0,1,1,1,1,1,1,1,1
18964102,1,29,4,14,3,3,5,1,1,0,0,0,0,0,0,0,1,1,2,0,0,0,1,0,0,0,0,0,2,1,9,1,2,2,2,1,2,1,2,1,1,0,0,0,0,0,0,0,0,0,0,2,2,1,2,2,1,0,1,0,0,0,0,1,1,1,1,1,2,2,1
19043567,2,44,7,13,3,3,2,1,1,0,0,0,0,0,0,0,3,2,1,,,,,,,,,,,,7,1,2,6,4,2,6,2,4,0,0,0,0,0,0,0,0,0,0,0,1,1,1,,,,,0,0,1,0,0,0,1,2,2,2,2,3,4,2
19043579,1,33,5,13,3,4,1,1,1,0,0,0,0,1,0,0,1,1,,,,,,,,,,,,,2,5,2,6,6,2,6,1,2,0,0,0,0,0,0,0,0,0,0,1,0,1,2,2,5,4,4,1,1,1,0,0,0,,,,,,2,1,1
19128698,2,53,9,13,3,1,5,1,1,0,0,0,0,0,0,0,2,1,2,0,0,0,0,1,0,0,0,0,2,2,20,2,2,2,2,2,2,1,4,0,0,0,0,0,0,1,0,0,0,0,0,2,2,2,3,3,3,0,0,1,0,0,0,1,2,2,2,1,1,2,1
19495311,1,34,5,11,3,5,3,1,1,0,0,0,0,0,0,0,2,1,1,,,,,,,,,,,1,9,4,2,6,3,1,4,1,2,1,0,0,0,0,1,0,0,0,1,0,0,2,3,1,1,1,1,1,0,1,0,0,0,1,2,2,1,2,2,1,1
19672303,2,35,6,13,3,5,5,1,1,0,0,0,0,0,0,0,2,2,2,1,1,0,1,1,0,0,0,0,1,4,2,3,1,1,1,2,2,2,5,0,1,0,0,0,1,0,0,0,0,0,0,1,3,,,,,0,1,1,0,0,0,3,3,3,1,3,2,4,1
19679100,2,68,11,13,3,4,5,1,1,0,0,0,0,0,0,0,1,2,2,0,0,0,0,0,0,0,0,1,4,4,14,10,1,1,1,2,1,2,4,0,0,1,0,0,0,0,0,0,0,0,0,1,3,2,2,2,2,0,0,0,0,0,1,1,2,2,1,1,2,2,2
19752440,1,30,5,12,3,3,5,1,1,0,0,0,0,0,0,0,2,2,1,,,,,,,,,,2,1,15,10,2,2,2,2,3,2,2,0,1,0,0,0,0,0,0,0,0,0,0,3,2,3,3,3,3,0,0,0,0,0,1,1,3,3,3,3,3,3,2
19759516,2,53,9,13,3,3,5,1,1,1,0,0,0,1,0,0,1,1,2,0,1,0,1,0,0,0,0,0,2,4,6,2,2,2,2,2,2,1,4,0,0,0,0,0,0,0,0,0,1,0,0,1,2,2,2,3,3,0,0,0,1,0,0,1,1,1,1,1,4,2,3
19977679,1,37,6,13,3,4,1,1,1,0,0,0,0,0,0,0,1,2,,,,,,,,,,,,,2,5,1,6,6,3,6,2,5,0,0,0,0,0,1,0,0,0,0,0,0,2,1,,,,,0,0,0,0,0,1,,,,,,3,3,2
20112324,2,49,8,13,3,3,5,1,1,0,0,0,0,0,0,0,2,1,2,1,1,0,1,1,0,0,0,0,4,4,11,2,1,1,2,2,3,2,5,1,0,0,1,0,0,0,0,0,1,0,0,2,3,,,,,0,1,0,0,0,0,1,1,1,1,1,4,3,3
20232665,2,36,6,13,3,3,1,1,1,0,0,0,0,0,0,0,2,2,,,,,,,,,,,,,18,2,2,6,6,3,6,2,5,1,0,0,0,1,0,0,0,1,0,0,0,2,1,,,,,1,0,1,1,0,0,,,,,,2,4,1
20235302,1,56,10,13,3,5,5,1,1,0,0,0,0,0,0,0,1,2,2,0,1,0,0,0,0,0,0,0,1,1,4,1,2,2,2,1,2,2,5,0,1,0,0,0,1,0,0,0,0,0,0,1,1,,,,,0,0,0,1,0,0,1,2,1,1,1,2,2,1
20352459,1,64,11,13,3,3,1,1,1,0,0,0,0,1,0,0,3,2,,,,,,,,,,,,,2,5,2,3,1,3,4,2,2,1,0,0,0,0,0,0,0,0,0,0,0,3,2,3,3,2,3,0,0,1,0,0,0,,,,,,3,3,2
20452932,2,39,6,11,3,3,3,1,1,0,0,0,0,1,0,0,1,1,2,1,0,0,0,0,1,0,0,0,,2,19,4,2,3,2,1,2,2,4,1,0,0,0,0,0,0,0,0,1,0,0,1,1,2,4,3,4,0,0,0,1,0,0,2,2,2,2,2,2,3,2
20533072,2,30,5,12,3,5,2,1,1,0,0,0,0,0,0,0,2,1,1,,,,,,,,,,,,17,10,1,6,5,2,6,1,5,0,0,0,0,0,0,0,0,1,1,0,0,2,1,,,,,1,0,1,0,0,0,3,2,2,2,2,2,2,3
20597497,1,53,9,11,3,5,2,1,1,0,0,0,0,0,0,0,2,2,1,,,,,,,,,,,,7,1,1,2,1,1,3,1,2,1,1,0,0,0,0,1,0,0,0,0,0,1,1,1,2,2,2,0,0,1,0,0,0,1,1,1,1,1,1,1,1
20707661,1,37,6,13,3,3,1,1,1,0,0,0,0,0,0,0,2,1,,,,,,,,,,,,,4,2,1,6,6,1,6,2,5,0,0,0,0,0,0,0,0,0,1,0,0,1,1,,,,,0,0,0,0,0,1,,,,,,4,4,1
20709417,1,49,8,13,3,4,5,1,1,0,0,0,0,0,0,0,2,2,2,0,1,0,0,0,0,0,0,0,4,4,7,3,2,2,2,2,2,2,4,1,0,0,0,0,1,1,0,0,0,0,0,2,2,3,3,3,2,1,0,0,0,0,0,2,1,1,1,1,2,3,3
20719138,1,49,8,12,3,3,5,1,1,0,0,0,0,0,0,0,1,1,2,0,0,0,0,0,0,0,0,1,1,3,20,4,1,1,1,1,1,1,1,0,1,0,0,0,0,0,0,0,1,0,0,2,1,3,3,3,3,1,0,0,0,0,0,1,1,1,1,1,1,2,1
20749430,1,31,5,13,3,4,1,1,1,0,0,0,0,0,0,0,2,1,,,,,,,,,,,,,7,10,1,6,6,3,6,1,3,1,0,0,0,0,0,0,0,0,0,0,0,3,1,1,1,1,2,1,0,0,0,0,0,,,,,,2,2,1
20808509,1,55,10,12,3,5,2,1,1,1,0,0,0,0,0,0,2,2,1,,,,,,,,,,,,4,1,1,4,3,1,3,2,4,1,1,0,0,0,1,0,0,1,0,0,0,2,3,1,5,5,5,0,0,0,0,0,1,1,1,1,2,1,2,3,1
21074452,1,40,7,13,3,4,2,1,1,0,0,0,0,0,0,0,2,2,1,,,,,,,,,,,,4,7,2,6,4,2,4,2,4,1,1,0,0,0,0,0,0,0,0,0,0,1,1,2,2,2,3,0,1,1,0,0,0,3,3,1,1,1,3,4,1
21090715,2,30,5,14,3,3,3,1,1,0,0,0,0,0,0,0,1,2,2,0,0,0,0,0,0,1,0,0,,1,7,2,1,3,2,1,2,3,5,1,0,0,0,0,0,0,0,0,0,0,0,2,1,,,,,0,0,0,1,0,0,1,2,2,1,1,3,3,1
21274294,1,53,9,11,3,3,3,1,1,0,0,0,0,0,0,0,2,2,2,0,1,0,0,0,0,0,0,0,,1,11,2,2,3,3,1,3,2,1,0,0,0,0,0,0,1,0,0,1,0,0,3,1,1,1,2,3,0,0,1,1,0,0,1,2,1,1,2,2,2,1
21282629,1,49,8,13,3,3,3,1,1,0,0,0,0,0,0,0,2,1,2,1,0,0,0,0,0,0,0,0,,2,7,1,2,3,3,2,3,1,1,0,0,0,0,0,0,0,0,0,1,0,0,2,1,2,2,3,4,0,1,0,0,0,0,1,2,2,1,1,2,2,1
21309075,2,47,8,14,3,3,4,1,1,0,0,0,0,0,0,0,2,1,1,,,,,,,,,,4,,8,2,1,3,1,2,2,2,5,1,1,1,0,1,1,1,0,1,1,0,0,2,1,,,,,0,0,1,0,0,0,1,1,2,1,1,2,2,1
21313538,2,44,7,13,3,4,1,1,1,0,0,0,0,0,0,0,1,1,,,,,,,,,,,,,2,5,1,4,3,1,6,1,5,0,0,0,0,0,0,0,0,0,1,0,0,1,2,,,,,1,0,0,1,0,0,,,,,,1,1,3
21404890,1,37,6,11,3,5,5,1,1,0,0,0,0,1,1,0,1,2,2,0,1,0,0,1,0,1,0,0,4,4,4,11,1,6,1,1,2,3,5,0,0,0,0,0,0,0,0,0,1,0,0,4,2,,,,,0,0,0,0,0,1,2,2,2,2,2,3,4,3
21548359,2,32,5,13,3,4,4,1,1,1,1,1,1,1,0,0,2,1,1,,,,,,,,,,2,,4,2,2,6,2,1,2,1,1,1,1,1,1,0,1,1,1,1,1,0,0,1,2,2,3,3,1,1,1,1,1,0,0,1,1,1,1,1,1,1,1
21612660,1,54,9,14,3,5,5,1,1,0,0,0,0,0,0,0,2,2,2,1,1,0,0,1,0,0,0,0,1,1,8,5,1,6,1,3,2,2,4,0,0,0,0,0,0,1,0,1,0,0,0,3,3,2,3,3,4,0,0,0,1,0,0,1,1,1,1,3,3,2,2
21659905,2,41,7,13,3,3,5,1,1,0,0,0,0,0,0,0,1,1,2,0,0,0,1,0,0,0,0,0,1,1,9,2,2,3,2,1,2,2,3,1,0,0,0,0,0,0,0,0,0,0,0,1,1,2,2,2,3,0,1,0,0,0,0,2,2,2,2,2,3,3,2
21824017,1,50,9,14,3,4,1,1,1,0,0,0,0,0,0,0,1,2,,,,,,,,,,,,,4,7,2,5,5,1,6,3,4,1,0,0,0,0,0,0,0,0,1,0,0,1,3,1,1,2,5,1,0,0,0,0,0,,,,,,4,3,2
21854717,2,37,6,13,3,3,5,1,1,0,0,0,0,1,0,0,2,2,2,0,1,0,0,0,0,0,0,0,4,4,14,2,2,2,2,1,2,2,4,0,1,0,0,0,0,0,0,1,0,0,0,2,1,2,2,2,4,0,0,0,1,0,0,1,1,2,1,1,3,2,3
22021254,1,58,10,12,3,5,5,1,1,0,0,0,0,0,0,0,2,2,2,0,0,0,0,0,0,0,0,1,2,1,18,1,1,1,1,2,2,2,4,0,0,0,0,0,0,0,0,0,0,0,1,1,1,,,,,0,0,0,0,0,1,2,2,2,2,2,3,3,2
22073341,2,30,5,13,3,3,5,1,1,0,0,0,0,1,0,0,2,2,2,0,0,0,0,0,0,0,0,1,4,3,8,2,1,5,1,1,3,2,5,0,0,0,0,0,0,0,0,0,1,0,0,1,1,,,,,0,0,0,1,0,0,1,3,1,1,3,2,2,1
22116329,2,48,8,14,3,4,2,1,1,1,0,0,0,0,0,0,2,1,1,,,,,,,,,,,,4,1,2,6,2,2,4,2,3,0,0,0,0,0,0,0,0,0,1,0,0,1,3,1,1,1,4,0,0,0,1,1,0,1,2,3,2,1,2,3,3
22118403,2,33,5,13,3,5,5,1,1,0,0,0,0,1,0,0,2,1,1,,,,,,,,,,3,2,7,3,1,6,4,1,4,1,5,0,0,0,0,0,0,0,0,0,1,0,0,3,1,,,,,0,0,1,0,0,0,1,2,2,2,2,4,4,2
22149623,1,59,10,13,3,4,1,1,1,0,0,0,0,0,0,0,2,1,,,,,,,,,,,,,2,5,1,6,5,1,5,2,5,0,0,0,0,0,0,0,0,0,1,0,0,3,1,,,,,0,1,0,1,0,0,,,,,,3,4,3
22163343,2,48,8,14,3,3,3,1,1,0,0,0,0,0,0,0,2,1,2,1,1,0,0,1,0,0,0,0,,1,4,2,2,3,3,1,3,1,4,1,0,0,0,0,1,0,0,0,1,0,0,2,1,3,3,3,3,0,0,1,0,0,0,1,1,1,1,1,1,1,1
22208982,1,48,8,11,3,3,3,1,1,0,0,0,0,0,0,0,2,2,2,0,0,0,0,1,1,0,0,0,,1,4,1,2,6,3,2,3,1,4,0,0,1,0,0,0,0,0,0,1,0,0,1,1,3,3,3,3,0,0,0,0,0,1,1,1,1,1,1,2,5,3
22337344,2,46,8,14,3,3,1,1,1,0,0,0,0,0,0,0,1,1,,,,,,,,,,,,,8,2,1,6,6,2,6,2,5,0,0,0,0,0,0,1,0,0,0,0,0,2,3,,,,,0,0,0,0,0,1,,,,,,2,4,1
22348623,1,49,8,13,3,5,5,1,1,0,1,0,0,0,0,0,2,2,2,0,1,0,0,1,0,0,0,0,4,4,9,1,2,5,2,2,2,2,3,1,0,0,0,0,1,1,0,0,0,0,0,1,1,3,3,2,3,0,0,0,1,0,0,1,1,1,1,1,2,3,1
22762425,1,47,8,14,3,3,1,1,1,0,0,0,0,0,0,0,2,1,,,,,,,,,,,,,20,1,1,6,6,1,6,3,4,0,1,0,0,0,0,0,0,0,0,0,0,1,1,3,3,3,3,0,0,0,0,0,1,,,,,,4,4,2
22829671,2,28,4,13,3,3,1,1,1,0,0,0,0,0,0,0,2,1,,,,,,,,,,,,,16,1,1,6,3,2,5,2,3,0,1,0,0,0,1,0,0,0,0,0,0,1,1,4,4,4,4,1,0,1,0,0,0,,,,,,1,1,1
22847234,1,63,11,11,3,1,2,1,1,0,1,0,0,0,0,0,1,1,1,,,,,,,,,,,,8,2,1,4,3,2,5,1,1,1,1,0,0,0,1,0,0,0,0,0,0,1,3,5,5,5,5,1,1,0,0,0,0,1,1,1,1,1,1,1,1
22890097,1,56,10,13,3,5,1,1,1,0,0,0,0,1,0,0,2,1,,,,,,,,,,,,,2,1,2,6,3,2,3,1,5,1,1,0,0,0,0,0,0,0,1,0,0,1,1,,,,,0,0,0,0,0,1,,,,,,3,3,3
23072947,1,44,7,11,3,4,3,1,1,0,0,0,0,0,0,0,2,1,1,,,,,,,,,,,1,6,6,2,3,3,1,6,1,4,0,0,1,0,0,1,0,0,0,0,0,0,1,1,1,1,5,5,0,1,0,0,0,0,2,2,2,2,2,3,4,2
23103315,1,40,7,13,3,5,5,1,1,0,0,0,0,0,0,0,1,2,2,1,0,0,1,1,1,0,0,0,2,4,6,3,1,1,1,1,2,1,2,1,1,1,1,0,0,0,0,1,0,0,0,2,3,1,1,1,2,0,1,0,1,0,0,1,1,1,1,1,2,2,1
23112749,2,20,3,13,3,3,5,1,1,0,0,0,0,0,0,0,2,1,2,0,1,0,0,0,0,0,0,0,1,1,16,2,1,1,1,2,2,2,3,0,0,0,0,0,0,0,0,0,0,0,1,1,1,,,,,0,0,1,1,0,0,3,3,3,3,3,1,1,1
23145734,2,30,5,13,3,5,3,1,1,0,0,0,0,0,0,0,2,1,1,,,,,,,,,,,1,7,1,2,4,3,1,6,2,4,0,0,0,0,0,0,0,0,0,1,0,0,1,1,3,3,4,3,0,1,0,0,0,0,2,2,2,2,2,3,3,1
23147432,2,36,6,12,3,5,5,1,1,0,0,0,0,0,0,0,1,1,2,1,0,0,0,0,0,0,0,0,4,4,7,3,1,6,1,1,1,1,5,1,1,0,0,0,0,0,0,0,0,0,0,1,3,,,,,0,0,0,0,0,1,1,1,1,1,1,1,5,1
23157641,2,56,10,13,3,4,1,1,1,0,0,0,0,0,0,0,1,2,,,,,,,,,,,,,4,5,2,4,5,2,5,2,5,1,0,0,0,0,0,0,0,1,0,0,0,2,2,,,,,0,0,1,0,0,0,,,,,,2,2,2
23158335,2,33,5,13,3,3,2,1,1,0,0,0,0,0,0,0,2,2,1,,,,,,,,,,,,7,2,1,4,2,2,3,1,5,1,0,0,0,0,0,0,0,0,1,0,0,2,1,,,,,1,0,1,1,0,0,2,1,1,1,1,2,3,1
23176064,1,36,6,13,3,3,2,1,1,0,0,0,0,0,0,0,2,1,2,0,1,1,0,0,0,0,0,0,,,8,2,1,3,3,3,3,1,2,1,1,0,0,0,0,0,0,0,0,0,0,1,1,3,3,3,3,1,0,0,0,0,0,1,1,1,1,1,1,1,1
23179389,2,60,11,14,3,3,5,1,1,0,0,0,0,0,0,0,2,2,2,0,1,0,1,0,0,0,0,0,2,1,8,2,2,2,2,2,2,2,2,0,0,0,1,0,0,1,0,0,1,0,0,2,1,1,1,1,1,0,1,0,0,0,0,1,2,2,2,2,2,3,3
23184551,1,47,8,13,3,5,5,1,1,0,0,0,0,0,0,0,1,1,2,0,0,0,0,1,0,0,0,0,2,1,13,10,2,3,2,1,2,2,2,0,1,0,0,0,0,0,0,0,1,0,0,1,1,3,3,3,3,0,0,0,1,0,0,1,1,1,1,1,2,5,1
23200952,2,42,7,14,3,3,5,1,1,0,0,0,0,0,0,0,1,1,2,1,1,1,0,1,1,1,0,0,2,1,7,2,1,6,1,1,1,1,4,1,0,0,0,0,0,0,0,0,0,0,0,2,2,1,1,1,1,0,1,1,0,0,0,1,2,1,1,1,4,5,3
23245042,2,26,4,13,3,3,5,1,1,0,0,0,0,0,0,0,2,2,2,0,1,0,0,1,1,0,0,0,4,4,7,2,1,3,2,3,3,2,2,0,1,0,0,0,0,0,0,0,0,0,0,2,1,2,2,2,4,0,1,1,0,0,0,3,2,1,1,1,2,2,1
23247483,1,47,8,12,3,3,2,1,1,0,0,0,0,0,0,0,1,2,2,0,1,0,0,0,1,0,0,0,,,7,2,1,2,1,3,1,2,4,0,0,0,0,0,0,0,0,0,0,0,1,2,3,,,,,0,0,1,0,0,0,2,2,2,1,1,5,2,3
23305163,1,58,10,11,3,5,5,1,1,0,0,0,0,0,0,0,1,1,2,0,1,0,0,0,0,0,0,0,4,4,7,3,1,1,1,3,1,2,2,0,0,1,0,0,0,0,0,0,0,0,0,1,1,2,2,1,3,0,0,1,0,0,0,1,1,1,1,1,2,2,1
23343683,1,48,8,14,3,3,4,1,1,1,0,0,0,0,0,0,2,2,2,0,0,0,0,0,0,1,0,0,4,,6,3,2,4,2,3,3,2,5,0,0,0,0,0,0,0,0,1,0,0,0,2,1,,,,,0,0,0,0,0,1,1,1,2,2,2,2,5,3
23362731,1,43,7,12,3,5,5,1,1,0,0,0,0,1,0,0,3,1,1,,,,,,,,,,3,2,6,11,1,6,6,2,6,1,5,1,0,0,0,0,0,0,0,0,1,0,0,2,2,,,,,1,0,0,0,0,0,1,1,1,1,1,1,1,1
23398949,1,47,8,11,3,3,2,1,1,0,0,0,0,0,0,0,1,1,1,,,,,,,,,,,,4,1,2,6,6,2,4,1,2,1,1,1,0,0,0,0,0,1,0,0,0,1,1,3,3,3,3,0,1,1,0,0,0,1,1,1,1,1,1,3,1
23460073,1,68,11,12,3,3,3,1,1,1,0,0,1,0,0,0,3,1,2,1,1,0,1,0,1,0,0,0,,1,2,5,2,6,3,2,6,2,5,0,0,0,0,0,1,0,0,1,1,0,0,2,1,,,,,1,0,0,0,0,0,1,1,2,1,1,2,2,1
23623299,1,46,8,14,3,3,2,1,1,0,0,0,0,0,0,0,1,1,2,0,0,0,0,0,0,0,0,1,,,2,2,2,6,4,1,4,3,2,0,0,0,0,0,0,0,0,0,1,0,0,3,1,3,3,3,3,0,0,0,0,0,1,3,2,2,2,2,4,4,2
23647676,1,49,8,14,3,3,5,1,1,0,0,0,0,0,0,0,2,2,2,0,0,0,0,1,0,0,0,0,1,1,13,1,1,3,1,2,2,3,5,0,0,0,0,0,0,0,0,0,0,1,0,1,3,,,,,0,0,0,0,1,0,2,2,2,2,2,3,4,2
23723248,1,56,10,11,3,3,2,1,1,0,0,0,0,0,0,0,2,1,1,,,,,,,,,,,,4,10,2,4,4,1,3,1,2,0,0,0,0,0,1,0,0,0,0,0,0,1,1,2,2,2,2,1,1,1,0,0,0,1,1,1,1,1,1,1,1
23751797,1,46,8,12,3,4,4,1,1,0,0,0,0,0,0,0,1,1,1,,,,,,,,,,1,,2,5,1,5,1,1,2,1,1,1,0,1,1,0,0,0,0,0,0,0,0,1,1,4,4,4,4,0,1,1,0,0,0,1,1,1,1,2,1,1,1
23804086,2,39,6,13,3,3,1,1,1,0,0,0,0,0,0,0,1,1,,,,,,,,,,,,,2,4,1,5,4,1,3,1,1,1,1,0,0,0,0,1,0,0,0,0,0,2,1,1,1,1,1,1,1,1,1,0,0,,,,,,2,2,1
24004058,2,30,5,13,3,4,5,1,1,0,0,0,0,0,0,0,3,1,2,0,1,0,0,1,0,0,0,0,4,4,14,10,2,2,2,2,2,2,2,0,0,0,0,0,0,0,0,0,0,1,0,2,1,2,1,1,1,0,1,0,1,0,0,1,1,3,3,3,2,2,1
24091763,1,42,7,11,3,5,4,1,1,1,0,0,0,0,0,0,2,1,1,,,,,,,,,,4,,8,10,2,2,2,1,3,1,1,0,0,1,0,0,0,0,0,0,1,0,0,3,3,1,2,4,4,0,0,0,1,0,0,1,1,1,1,1,2,2,1
24155711,2,26,4,13,3,3,4,1,1,0,0,0,0,0,0,0,2,2,2,1,0,0,0,0,0,0,0,0,2,,19,2,1,2,1,2,2,2,4,1,1,0,0,0,0,0,0,0,0,0,0,1,1,2,3,3,3,0,0,0,0,0,1,1,2,1,1,1,3,2,1
24167086,2,48,8,13,3,3,4,1,1,0,0,0,0,0,0,0,2,2,1,,,,,,,,,,2,,10,2,2,6,2,2,3,2,4,1,0,0,0,0,0,0,0,0,0,0,0,2,1,3,3,3,3,0,0,0,1,0,0,3,1,3,3,3,2,2,1
24293365,2,36,6,13,3,3,1,1,1,0,0,0,0,0,0,0,1,2,,,,,,,,,,,,,12,1,3,2,4,1,3,2,2,1,0,0,0,0,0,0,0,0,0,0,0,2,1,2,1,2,2,1,0,0,0,0,0,,,,,,2,2,2
24311160,1,24,3,13,3,4,5,1,1,0,0,0,0,0,0,0,3,2,2,0,0,1,0,1,1,1,0,0,4,1,7,3,1,6,2,2,4,2,5,0,0,0,0,0,0,1,0,0,0,0,0,1,1,,,,,0,1,0,0,0,0,1,3,1,1,2,3,3,2
24381298,1,36,6,11,3,5,5,1,1,0,0,0,0,1,0,0,3,2,2,0,0,0,0,1,0,0,0,0,4,1,7,3,2,6,2,2,5,2,3,1,0,0,0,0,0,0,0,0,1,0,0,3,1,3,3,3,3,1,0,0,0,0,0,2,2,1,1,2,2,3,1
24435781,2,64,11,13,3,3,3,1,1,0,0,0,0,0,0,0,1,1,2,1,0,0,1,0,1,0,0,0,,1,7,2,1,3,2,2,2,2,5,1,0,0,0,0,0,0,0,0,0,0,0,2,1,,,,,0,0,1,0,0,0,1,2,2,1,1,3,2,3
24779485,1,60,11,13,3,3,5,1,1,0,0,0,0,0,0,0,3,1,1,,,,,,,,,,2,1,7,1,2,3,2,1,2,1,4,0,0,0,0,0,0,0,0,1,0,0,0,2,1,4,4,4,4,0,1,0,0,0,0,1,1,2,1,2,3,2,1
24781418,1,47,8,13,3,5,5,1,1,0,0,1,0,0,0,0,3,1,2,0,0,0,0,0,0,0,0,1,1,1,4,1,3,4,3,1,4,2,2,0,0,0,0,0,1,0,0,1,0,0,0,1,1,3,3,3,3,0,0,0,1,0,0,1,1,1,1,1,2,4,1
24842698,1,47,8,14,3,4,3,1,1,0,0,0,0,0,0,0,3,2,1,,,,,,,,,,,1,2,5,2,2,2,1,3,1,4,1,1,0,0,0,0,1,0,0,0,0,0,3,3,1,1,1,4,1,1,0,1,0,0,1,1,1,1,1,1,2,1
24990019,1,40,7,13,3,5,4,1,1,0,0,0,0,0,0,0,1,1,2,1,1,0,0,1,0,0,0,0,4,,10,3,1,1,1,1,1,1,4,0,1,0,0,0,0,0,0,0,0,0,0,2,1,1,3,2,1,1,0,1,0,0,0,2,1,2,2,1,1,1,1
25002868,2,31,5,13,3,5,5,1,1,0,0,0,0,0,0,0,2,1,2,0,0,0,0,1,0,0,0,0,4,4,14,10,2,2,2,2,4,2,3,1,0,0,0,0,0,0,0,0,0,1,0,2,1,2,2,2,3,0,0,1,1,0,0,1,2,1,1,1,2,2,1
25105431,1,36,6,13,3,3,5,1,1,0,0,0,0,0,0,0,2,2,2,0,1,0,0,0,0,0,0,0,4,4,7,3,1,1,2,3,4,2,5,0,0,0,0,0,0,1,0,0,0,0,0,2,2,,,,,0,0,0,0,0,1,1,3,1,1,3,5,5,3
25108020,1,48,8,13,3,3,4,1,1,0,0,0,0,0,0,0,2,2,1,,,,,,,,,,2,,19,4,3,3,4,2,2,2,2,1,0,0,0,1,0,0,0,1,0,0,0,2,1,2,3,3,2,0,1,0,0,0,0,2,2,2,2,2,2,2,2
25176191,2,59,10,12,3,4,1,1,1,0,0,0,0,0,0,0,1,1,,,,,,,,,,,,,2,5,1,6,6,2,6,1,1,1,0,0,0,0,1,0,0,0,1,0,0,2,2,2,2,1,3,0,1,0,1,0,0,,,,,,2,2,1
25188891,1,43,7,11,3,3,3,1,1,0,0,0,0,0,0,0,1,1,2,0,0,0,0,1,0,0,0,0,,1,8,1,2,6,4,2,5,2,5,0,1,0,0,0,0,0,0,0,0,0,0,2,2,,,,,0,0,0,0,0,1,1,3,3,1,1,1,1,1
25279284,1,47,8,11,3,5,2,1,1,0,0,0,1,0,0,0,3,1,2,0,0,0,0,0,0,0,0,1,,,5,2,3,3,3,3,6,3,3,1,0,0,0,0,0,1,0,0,1,0,0,3,1,3,3,3,3,0,0,0,0,0,1,3,3,3,3,3,5,5,3
25279941,1,30,5,12,3,4,2,1,1,0,0,0,0,0,0,0,1,1,1,,,,,,,,,,,,5,5,2,4,3,1,3,2,5,1,0,0,0,0,0,0,0,0,0,0,0,1,3,,,,,0,1,0,0,0,0,1,2,1,1,2,3,3,3
25404333,2,24,3,14,3,5,5,1,1,0,0,0,0,0,0,0,2,1,2,1,1,0,0,0,0,0,0,0,2,1,20,1,1,1,1,2,2,2,4,0,0,0,0,0,0,1,0,0,0,0,0,1,1,2,2,2,3,0,0,1,1,0,0,1,3,3,1,1,2,2,1
25421006,2,26,4,12,3,3,3,1,1,0,1,0,0,0,0,0,1,1,2,0,0,1,1,0,0,0,0,0,,2,3,2,1,6,3,3,3,1,5,0,0,0,0,0,0,1,0,0,0,0,0,4,1,,,,,0,0,1,1,0,0,1,1,2,2,2,1,2,1
25427125,1,52,9,13,3,3,4,1,1,0,0,0,0,0,0,0,2,1,1,,,,,,,,,,2,,19,2,2,2,2,3,2,2,5,0,0,0,0,0,0,1,0,0,0,0,0,1,1,,,,,1,0,0,0,0,0,3,3,3,3,3,1,3,2
25430133,1,53,9,13,3,1,3,1,1,0,0,0,0,0,0,0,1,1,2,1,0,0,0,0,1,1,0,0,,1,20,2,1,3,3,1,3,2,4,0,0,0,0,0,1,0,0,0,0,0,0,1,3,1,1,1,3,0,1,1,1,0,0,1,2,1,1,1,2,2,1
25430593,2,37,6,13,3,1,5,1,1,0,0,0,0,0,0,0,2,1,1,,,,,,,,,,4,4,13,10,1,3,2,1,2,3,4,0,1,0,0,0,0,0,0,0,1,0,0,1,1,3,2,2,3,0,0,1,0,0,0,1,1,2,2,3,3,1,2
25432421,1,37,6,12,3,4,4,1,1,0,0,0,0,1,0,0,2,2,1,,,,,,,,,,2,,5,8,2,4,2,1,3,1,5,0,1,0,0,0,0,0,0,0,0,0,0,2,3,,,,,1,0,0,0,0,0,1,1,1,1,1,3,3,2
25452832,1,60,11,13,3,4,4,1,1,0,0,0,0,0,0,0,1,1,2,0,1,1,0,0,0,0,0,0,4,,7,1,2,3,2,3,2,1,5,0,0,0,0,0,0,1,0,0,0,0,0,1,1,,,,,1,1,0,0,1,0,1,1,1,1,1,1,1,1
25809353,1,64,11,13,3,3,5,1,1,0,0,0,0,0,0,0,2,1,2,0,0,0,0,0,0,1,0,0,2,1,7,2,2,4,2,1,2,1,4,1,1,0,0,0,0,0,0,0,0,1,0,1,3,1,1,1,1,0,1,0,0,0,0,1,1,1,1,1,2,2,3
25838973,2,54,9,13,3,3,4,1,1,0,0,0,0,0,0,0,1,2,1,,,,,,,,,,2,,20,2,2,3,2,2,2,2,5,0,0,0,0,0,0,0,0,0,1,0,0,1,1,,,,,0,0,0,0,0,1,1,1,2,1,1,2,2,3
25957051,1,56,10,14,3,5,2,1,1,0,0,0,0,0,0,0,2,1,2,0,0,0,0,0,1,0,0,0,,,18,1,1,3,3,2,4,1,2,0,0,0,0,0,0,1,0,1,0,0,0,1,3,4,2,2,5,1,0,0,1,0,0,1,1,2,1,1,2,3,1
25957961,1,50,9,13,3,3,5,1,1,0,0,0,0,0,0,0,2,2,2,0,1,0,1,1,0,1,0,0,4,1,8,2,1,1,1,2,1,1,2,0,0,1,0,0,0,0,0,0,0,0,0,1,1,3,3,3,3,1,1,1,1,0,0,1,2,1,1,1,2,2,1
26031117,2,32,5,13,3,5,5,1,1,0,0,0,0,0,0,0,1,1,2,1,0,0,0,0,0,0,0,0,4,4,8,1,1,6,1,1,1,1,5,0,0,0,0,0,1,0,0,0,0,0,0,2,1,,,,,1,0,1,0,0,0,1,1,1,1,1,2,2,1
26055424,2,38,6,13,3,3,1,1,1,0,0,0,0,0,0,0,2,1,,,,,,,,,,,,,6,2,3,6,4,2,5,2,4,0,0,0,0,0,0,0,0,0,1,0,0,2,1,3,4,1,4,0,0,0,0,0,1,,,,,,2,2,3
26056655,2,43,7,13,3,3,5,1,1,0,0,0,0,0,0,0,2,1,2,0,1,0,0,1,0,0,0,0,4,4,14,3,2,6,2,2,3,1,2,1,0,0,0,0,0,0,0,1,0,0,0,1,1,2,4,2,2,0,1,0,1,0,0,1,1,1,1,1,2,2,3
26254264,2,24,3,13,3,3,1,1,1,0,0,0,0,0,0,0,2,1,,,,,,,,,,,,,15,2,1,6,6,2,6,1,5,0,0,0,0,0,0,1,0,0,0,0,0,1,1,,,,,0,0,1,0,0,0,,,,,,5,5,1
26353025,1,52,9,14,3,3,2,1,1,0,0,0,0,0,0,0,2,2,1,,,,,,,,,,,,4,1,2,6,3,2,4,2,5,1,0,0,0,0,0,0,0,0,1,0,0,1,1,,,,,0,0,0,1,0,0,1,3,3,1,1,5,4,3
26471327,1,30,5,13,3,5,2,1,1,0,0,0,0,0,0,0,3,2,2,1,1,0,0,1,0,0,0,0,,,4,1,1,4,3,3,4,2,4,0,0,0,0,0,0,0,0,0,1,0,0,3,2,1,1,1,1,0,0,0,1,0,0,2,2,1,1,2,3,3,2
26523076,2,59,10,11,3,5,5,1,1,0,0,0,0,0,0,0,3,1,2,0,1,0,0,1,0,0,0,0,4,4,14,10,2,2,2,1,6,3,5,1,0,0,0,0,0,0,0,0,0,0,0,3,1,,,,,0,0,0,0,0,1,3,2,2,3,3,3,3,2
26597792,2,27,4,13,3,3,5,1,1,0,0,0,0,0,0,0,2,2,2,0,1,0,0,0,0,0,0,0,4,4,8,2,1,1,1,1,1,1,4,0,0,0,0,0,0,0,0,1,0,0,0,2,1,3,3,3,3,0,0,0,1,0,0,1,2,2,2,1,1,4,1
26657872,1,44,7,11,3,5,2,1,1,0,0,0,0,0,0,0,1,1,2,1,0,0,0,0,0,0,0,0,,,8,1,2,6,2,2,2,2,5,1,0,0,0,0,0,0,0,0,1,0,0,2,1,,,,,0,1,0,0,0,0,3,3,3,3,3,2,5,3
26688498,2,25,4,13,3,3,2,1,1,0,0,0,0,0,0,0,2,2,1,,,,,,,,,,,,8,2,1,3,3,1,2,1,2,0,0,1,0,0,1,0,0,0,0,0,0,2,2,2,2,2,3,0,0,1,0,0,0,1,1,2,1,1,1,2,1
26724050,1,61,11,12,3,3,2,1,1,0,0,0,0,0,0,0,1,2,1,,,,,,,,,,,,8,2,2,5,2,2,3,2,5,0,1,0,0,0,0,0,0,0,0,0,0,2,3,,,,,0,0,0,1,0,0,1,2,2,3,3,5,3,3
26742185,1,55,10,14,3,3,1,1,1,0,0,0,0,0,0,0,1,1,,,,,,,,,,,,,3,3,1,1,1,1,1,2,4,0,0,0,0,0,0,0,0,0,0,0,1,3,2,,,,,0,1,0,0,0,0,,,,,,3,3,2
26858067,1,39,6,14,3,1,3,1,1,0,0,0,0,0,0,0,2,1,1,,,,,,,,,,,2,20,10,1,5,2,1,1,1,2,1,1,0,0,1,0,1,0,0,1,0,0,1,1,1,1,1,1,1,0,1,0,0,0,1,1,1,1,1,1,1,1
26874206,1,54,9,13,3,1,5,1,1,1,0,0,0,0,0,0,2,1,1,,,,,,,,,,1,1,19,2,2,4,2,2,6,2,5,0,1,0,0,0,0,0,0,0,0,0,0,1,1,,,,,0,1,0,0,0,0,3,3,1,1,3,5,5,3
26922416,2,28,4,13,3,5,2,1,1,0,0,0,0,0,0,0,2,2,1,,,,,,,,,,,,4,6,1,5,3,2,2,1,2,0,0,1,0,0,0,0,0,1,0,0,0,3,2,2,2,3,1,1,0,0,0,0,0,1,1,1,2,1,2,2,1
26992866,1,47,8,12,3,5,5,1,1,0,1,0,0,0,0,0,3,2,2,1,0,0,0,1,0,0,0,0,4,4,11,10,1,1,1,1,5,1,5,0,0,0,0,0,0,1,0,0,0,0,0,2,1,,,,,0,1,0,0,0,0,1,1,1,1,1,1,5,1
27028841,1,51,9,13,3,4,2,1,1,0,0,0,0,0,0,0,1,2,1,,,,,,,,,,,,3,6,1,6,3,2,3,2,4,0,0,0,0,0,0,1,0,0,0,0,0,3,3,3,3,2,4,1,0,0,1,0,0,2,2,2,1,1,2,4,2
27097872,2,36,6,13,3,3,5,1,1,0,0,0,0,0,0,0,1,2,2,0,1,0,0,0,1,0,0,0,4,1,8,2,1,3,1,1,2,2,5,1,1,0,0,0,0,1,0,0,1,1,0,2,1,,,,,1,0,1,0,0,0,1,2,3,1,3,3,2,3
27134717,2,52,9,13,3,3,4,1,1,0,0,0,0,0,0,0,2,1,1,,,,,,,,,,2,,19,2,1,3,1,1,2,2,5,1,1,0,0,0,0,0,0,0,0,0,0,1,1,,,,,0,0,0,1,0,0,1,3,3,1,1,4,2,3
27159530,1,42,7,13,3,3,2,1,1,1,0,0,0,0,0,0,3,1,1,,,,,,,,,,,,9,2,1,6,3,2,6,1,5,1,0,0,0,0,0,0,0,0,1,0,0,1,1,,,,,1,1,1,1,0,0,1,1,1,1,1,1,1,1
27160323,2,29,4,14,3,3,3,1,1,0,1,0,0,0,0,0,3,1,2,0,0,0,0,1,1,0,1,0,,4,5,2,1,4,3,2,5,3,4,0,0,0,0,0,0,1,0,0,1,0,0,1,1,2,2,2,3,0,0,0,0,0,1,1,2,2,2,1,2,4,3
27181174,1,31,5,11,3,4,2,1,1,0,0,0,0,0,0,0,2,1,1,,,,,,,,,,,,2,9,2,5,2,2,2,1,5,0,0,0,0,0,0,0,0,0,1,0,0,2,3,,,,,0,1,1,1,0,0,1,1,1,1,3,2,3,1
27190764,1,38,6,12,3,3,2,1,1,0,0,0,0,0,0,0,3,1,1,,,,,,,,,,,,4,1,2,3,3,1,5,1,2,1,1,0,0,0,1,1,0,1,1,0,0,1,1,1,1,1,1,0,1,1,1,0,0,1,1,1,1,1,2,3,1
27218597,1,62,11,12,3,3,2,1,1,1,0,0,0,0,0,0,2,2,1,,,,,,,,,,,,4,2,1,5,3,1,5,1,4,0,0,0,0,0,0,0,0,0,1,0,0,1,1,2,2,2,3,0,0,1,1,0,0,3,3,2,2,2,2,2,1
27245925,1,46,8,13,3,3,3,1,1,1,0,0,0,0,0,0,2,2,2,1,1,0,0,0,0,1,0,0,,3,20,10,1,4,2,2,4,1,4,1,0,0,0,0,0,0,0,1,0,0,0,2,1,4,3,4,4,1,1,1,0,0,0,1,1,1,1,1,1,1,1
27343662,1,37,6,14,3,3,2,1,1,0,0,0,0,0,0,0,2,1,1,,,,,,,,,,,,4,2,1,4,4,1,4,1,1,1,0,0,0,0,0,0,0,1,0,0,0,2,1,1,5,3,3,1,0,1,0,0,0,2,1,2,1,2,2,3,1
27456050,2,40,7,12,3,5,5,1,1,0,0,0,0,0,0,0,2,2,2,1,0,0,0,0,0,0,0,0,2,1,20,11,2,2,3,2,3,2,2,0,0,0,0,0,0,0,0,0,1,0,0,2,1,3,3,3,3,1,1,1,1,0,0,1,3,3,1,3,2,2,1
27458640,1,49,8,14,3,3,5,1,1,0,0,0,0,0,0,0,3,2,1,,,,,,,,,,3,3,8,2,2,2,2,2,3,1,4,0,0,0,0,0,0,0,0,1,0,0,0,2,2,1,1,1,1,0,1,0,0,0,0,1,2,2,2,2,3,3,3
27502624,1,27,4,13,3,3,2,1,1,1,0,0,0,1,0,0,2,2,1,,,,,,,,,,,,18,2,3,3,3,2,4,1,2,1,1,0,0,0,0,1,0,0,0,0,0,2,2,1,4,2,3,1,0,1,1,0,0,1,1,2,1,2,1,2,1
27515997,1,54,9,13,3,5,5,1,1,1,0,0,0,0,0,0,3,1,2,0,1,0,0,0,0,0,0,0,4,4,6,3,2,2,2,2,6,2,4,0,0,0,0,0,0,1,0,0,1,0,0,1,1,2,2,2,3,0,0,0,0,0,1,1,1,1,1,2,3,4,2
27516333,1,52,9,13,3,3,3,1,1,0,0,1,0,0,0,0,2,1,2,0,0,0,0,1,0,0,0,0,,1,8,2,2,4,4,2,1,1,5,1,0,0,1,0,0,0,1,0,0,0,0,3,2,,,,,0,0,1,0,0,0,2,2,2,2,2,2,3,2
27516870,1,47,8,13,3,3,4,1,1,0,0,0,0,0,0,0,2,2,1,,,,,,,,,,2,,4,1,1,3,1,1,2,2,4,1,0,0,0,0,0,0,0,0,0,0,0,3,1,5,5,5,5,0,0,0,0,0,1,1,1,3,2,2,3,3,2
27556808,2,45,8,13,3,5,5,1,1,0,0,0,0,0,0,0,2,2,2,0,1,0,0,1,1,0,0,0,4,4,7,3,2,5,2,2,2,2,3,1,0,0,0,0,0,0,0,1,0,0,0,2,1,3,3,3,3,0,0,0,0,0,1,1,3,2,2,2,3,3,3
27585566,1,27,4,13,3,4,4,1,1,0,0,0,0,0,0,0,1,1,2,1,1,1,1,1,0,0,0,0,1,,2,5,2,6,2,2,2,2,4,1,0,0,0,0,0,0,0,0,0,0,0,2,1,3,3,2,3,1,1,1,1,0,0,1,1,1,1,1,2,1,1
27596965,1,39,6,13,3,3,1,1,1,1,0,0,0,0,0,0,1,1,,,,,,,,,,,,,8,2,3,3,3,1,1,1,1,1,1,0,1,0,0,0,0,1,0,0,0,1,1,1,2,2,4,1,0,0,0,0,0,,,,,,1,1,1
27597611,1,35,6,13,3,3,2,1,1,1,1,1,1,1,0,0,1,1,1,,,,,,,,,,,,20,2,1,4,3,1,3,1,1,1,1,1,1,1,1,1,1,1,1,0,0,1,1,1,1,1,1,1,0,0,0,0,0,1,1,1,1,1,1,1,1
27620412,1,26,4,13,3,4,3,1,1,0,0,0,0,0,0,0,1,1,1,,,,,,,,,,,3,4,6,2,3,2,3,2,2,5,1,0,0,0,0,0,0,0,0,0,0,0,2,1,,,,,0,0,1,0,0,0,1,3,1,1,3,2,3,1
27621316,1,60,11,12,3,3,2,1,1,1,0,0,0,0,0,0,1,2,1,,,,,,,,,,,,4,1,2,3,2,2,2,1,2,0,1,0,0,0,0,0,0,0,0,0,0,2,1,2,3,3,4,1,1,0,0,0,0,1,1,1,1,1,2,2,3
27633461,1,59,10,11,3,4,1,1,1,0,0,0,0,0,0,0,1,1,,,,,,,,,,,,,2,5,2,6,6,1,6,1,2,1,1,0,0,0,1,0,0,0,0,0,0,2,2,1,1,1,1,1,0,1,0,0,0,,,,,,3,2,1
27686483,1,39,6,13,3,4,5,1,1,0,0,0,0,0,0,0,2,1,2,0,1,0,0,0,0,0,0,0,2,1,4,6,1,1,1,2,2,1,4,0,0,0,0,0,0,0,0,0,1,0,0,1,1,2,2,2,2,1,0,0,1,0,0,1,1,2,1,1,2,2,1
27709870,1,42,7,14,3,5,1,1,1,0,0,0,0,0,0,0,1,2,,,,,,,,,,,,,20,11,2,6,6,2,6,2,5,1,0,0,0,0,1,0,0,0,0,0,0,1,1,,,,,1,0,0,0,0,0,,,,,,2,3,1
27793884,2,28,4,13,3,3,2,1,1,0,0,0,0,0,0,0,2,1,1,,,,,,,,,,,,20,2,1,4,3,2,3,1,4,0,1,0,0,0,0,1,0,1,1,0,0,1,1,2,2,4,4,0,1,1,0,0,0,1,1,1,1,1,1,2,1
27819516,1,50,9,13,3,3,1,1,1,0,0,0,0,0,0,0,1,1,,,,,,,,,,,,,7,1,2,6,6,2,6,2,5,1,0,0,0,0,0,1,0,0,0,0,0,1,3,,,,,1,0,0,0,0,0,,,,,,3,1,2
27820147,1,53,9,13,3,4,1,1,1,1,0,0,0,0,0,0,1,2,,,,,,,,,,,,,2,11,1,5,3,2,6,2,5,1,0,0,0,0,0,0,0,0,0,1,0,2,3,,,,,0,1,0,1,1,0,,,,,,1,3,3
27823524,2,51,9,14,3,5,5,1,1,0,0,0,0,0,0,0,2,2,1,,,,,,,,,,2,4,15,1,1,1,1,2,1,1,1,0,0,0,0,0,1,0,0,0,0,0,0,2,1,3,3,3,3,0,0,0,1,0,0,1,1,2,1,1,2,5,1
27967615,2,42,7,13,3,3,5,1,1,0,0,0,0,0,0,0,1,1,2,1,1,0,1,1,0,0,0,0,1,1,20,2,1,6,1,2,1,1,2,0,1,1,1,0,0,0,0,0,0,0,0,1,1,4,2,2,4,1,1,1,1,0,0,3,1,1,1,1,1,1,1
28018846,1,55,10,13,3,3,5,1,1,0,0,0,0,0,0,0,1,1,2,1,0,0,1,1,0,0,0,0,2,1,4,2,1,1,1,2,2,1,5,0,0,0,0,0,1,0,0,0,0,0,0,1,1,,,,,1,0,1,0,0,0,1,1,1,1,1,1,3,3
28054526,1,62,11,13,3,5,2,1,1,0,0,0,0,0,0,0,3,2,1,,,,,,,,,,,,20,1,2,3,3,2,6,2,5,0,0,0,0,0,0,0,0,0,0,0,1,1,3,,,,,0,0,0,0,0,1,1,2,2,2,2,3,4,2
28179518,1,36,6,13,3,5,5,1,1,0,0,0,0,0,0,0,2,1,2,0,0,0,0,0,0,0,0,1,4,4,6,11,1,1,1,2,2,2,5,0,0,0,0,0,0,0,0,0,1,0,0,2,1,,,,,0,0,0,0,0,1,1,1,1,1,1,5,5,3
28232228,2,55,10,13,3,5,5,1,1,1,0,0,0,0,0,0,3,2,2,0,1,0,0,1,0,0,0,0,4,4,7,10,2,2,2,2,6,2,5,0,0,0,0,0,0,0,0,0,0,0,1,2,1,,,,,0,0,0,0,0,1,3,3,1,1,3,5,5,1
28232270,2,25,4,13,3,3,2,1,1,1,1,0,0,0,0,0,1,1,1,,,,,,,,,,,,5,2,2,2,3,1,2,1,1,0,0,0,1,0,0,0,0,1,0,0,0,2,3,2,2,2,2,0,1,0,0,0,0,1,1,1,2,2,2,2,1
28270122,2,41,7,11,3,3,5,1,1,0,0,0,0,1,0,0,2,1,2,0,1,0,1,1,0,0,0,0,2,1,20,2,2,6,4,1,4,2,4,0,0,0,0,0,0,1,0,0,0,0,0,3,2,3,4,1,3,1,1,1,0,0,0,3,1,1,1,3,2,1,3
28281846,2,24,3,14,3,5,1,1,1,1,0,0,0,0,0,0,1,2,,,,,,,,,,,,,2,1,1,6,4,1,4,1,1,0,0,0,0,0,0,0,0,0,1,0,0,1,1,1,1,4,4,0,0,1,1,0,0,,,,,,2,2,1
28402405,1,54,9,11,3,3,2,1,1,1,0,0,0,0,0,0,2,1,1,,,,,,,,,,,,8,2,2,1,5,2,5,1,5,0,1,0,0,0,0,0,0,0,0,0,0,1,1,,,,,1,1,1,1,0,0,1,1,1,1,1,1,1,1
28405210,2,46,8,13,3,1,4,1,1,1,0,0,0,0,0,0,1,1,1,,,,,,,,,,2,,20,10,1,2,1,2,2,2,5,0,0,0,0,0,0,1,0,0,0,0,0,1,3,,,,,0,0,0,0,1,0,3,2,2,1,3,4,5,1
28411926,2,27,4,13,3,5,4,1,1,0,0,0,0,0,0,0,3,1,1,,,,,,,,,,4,,6,3,3,5,4,2,5,1,4,1,0,0,0,0,0,1,0,0,0,0,0,1,3,4,5,4,5,0,1,0,1,0,0,1,2,2,2,1,3,4,2
28436021,2,25,4,13,3,3,4,1,1,0,0,0,0,0,0,0,2,1,1,,,,,,,,,,2,,4,2,2,2,2,2,2,2,3,0,1,0,0,0,0,0,0,0,0,0,0,1,2,3,3,2,2,0,0,0,1,0,0,2,2,3,2,2,3,3,2
28441791,1,43,7,13,3,5,2,1,1,0,0,0,0,0,0,0,3,1,1,,,,,,,,,,,,16,4,1,6,3,1,6,1,5,0,1,0,0,0,1,0,0,0,0,0,0,2,1,,,,,0,1,0,0,0,0,1,2,1,1,1,2,3,2
28461865,1,28,4,14,3,4,5,1,1,0,0,0,0,0,0,0,1,1,2,0,0,0,0,1,0,0,0,0,4,4,2,9,1,1,1,1,1,1,2,0,1,0,0,0,0,0,0,0,0,0,0,1,1,3,3,3,3,0,0,0,0,0,1,1,1,1,1,1,1,1,1
28494302,2,24,3,13,3,5,2,1,1,0,0,0,0,0,0,0,1,1,2,0,1,0,1,0,1,0,0,0,,,4,1,1,3,2,2,2,2,3,1,0,0,0,0,0,0,0,0,0,0,0,1,1,2,2,2,4,1,0,1,0,0,0,1,1,1,1,1,2,1,1
28501080,1,45,8,14,3,5,3,1,1,0,0,0,0,0,0,0,2,2,1,,,,,,,,,,,1,4,5,2,3,2,2,2,1,2,0,1,0,0,0,0,1,0,1,0,0,0,2,2,4,3,2,4,0,0,1,0,0,0,1,2,2,1,1,2,2,1
28519843,2,26,4,11,3,3,1,1,1,0,0,0,0,0,0,0,1,1,,,,,,,,,,,,,18,2,2,6,6,1,6,1,1,0,0,1,1,0,0,0,0,0,0,0,0,1,1,3,3,3,3,0,0,0,0,0,1,,,,,,3,3,1
28529002,1,45,8,13,3,3,2,1,1,0,0,0,0,0,0,0,1,2,1,,,,,,,,,,,,20,1,1,5,4,2,5,1,4,1,1,1,1,0,0,0,0,1,0,0,0,1,1,2,2,2,2,1,1,0,0,0,0,1,1,1,1,1,1,2,1
28529726,2,24,3,13,3,3,3,1,1,0,0,0,0,0,0,0,1,1,2,0,1,0,0,1,0,0,0,0,,1,11,2,1,3,2,2,2,2,4,0,0,0,0,0,0,1,0,0,0,0,0,2,1,2,3,5,3,1,0,1,1,0,0,1,1,2,1,1,2,3,1
28538787,2,26,4,13,3,5,1,1,1,0,0,0,0,0,0,0,1,1,,,,,,,,,,,,,2,1,1,6,5,2,6,1,3,0,0,0,0,0,0,1,0,0,0,0,0,1,3,1,1,1,4,1,0,1,1,0,0,,,,,,2,1,1
28544141,1,37,6,14,3,4,5,1,1,0,0,0,0,0,0,0,3,2,2,0,0,0,0,1,0,0,0,0,1,3,10,3,2,2,2,1,6,1,4,0,0,0,0,0,0,0,0,0,0,0,1,2,1,,,,,0,0,0,1,0,0,1,1,1,1,1,5,3,2
28560664,1,56,10,11,3,3,2,1,1,0,0,0,0,0,0,0,1,1,1,,,,,,,,,,,,4,2,1,3,5,2,6,1,4,0,0,1,0,0,0,0,0,0,0,0,0,1,1,1,1,3,1,1,0,0,0,0,0,2,2,2,1,2,1,3,1
28595680,2,41,7,13,3,3,5,1,1,1,0,0,0,0,0,0,3,2,2,0,0,0,0,1,0,0,0,0,2,1,7,2,1,2,1,1,1,2,5,0,0,0,0,0,0,0,0,1,1,0,0,2,2,,,,,0,0,0,0,0,1,1,2,1,1,3,2,2,1
28605022,2,24,3,12,3,4,3,1,1,0,0,0,0,1,0,0,1,1,2,0,0,0,0,1,0,0,0,0,,1,20,5,1,6,2,1,2,2,4,0,1,0,0,0,0,0,0,0,0,0,0,3,2,1,1,1,1,1,0,0,0,0,0,2,2,2,2,2,2,2,1
28629592,2,28,4,13,3,4,2,1,1,0,0,0,0,0,0,0,2,2,1,,,,,,,,,,,,2,5,2,4,3,2,4,2,3,0,0,0,0,0,0,1,0,0,1,0,0,2,1,2,2,3,3,1,0,0,0,0,0,1,3,3,1,1,2,5,1
28649448,1,39,6,13,3,3,2,1,1,1,0,0,0,0,0,0,2,1,1,,,,,,,,,,,,11,2,2,4,3,2,4,1,3,0,0,0,0,0,0,0,0,0,1,0,0,1,3,1,1,1,4,1,1,1,1,0,0,1,1,1,1,1,1,2,1
28649478,2,37,6,13,3,3,2,1,1,0,0,0,0,0,0,0,1,1,1,,,,,,,,,,,,11,2,2,6,6,1,6,1,2,0,1,0,0,0,0,0,0,0,0,1,0,2,3,3,2,3,4,0,0,0,0,0,1,1,3,1,1,1,2,4,1
28667309,1,48,8,13,3,3,3,1,1,0,0,0,0,0,0,0,2,2,2,0,0,0,0,1,0,0,0,0,,1,11,1,1,4,4,2,4,2,5,1,1,0,0,0,0,0,0,0,0,0,0,2,1,,,,,0,0,0,0,1,0,1,2,2,1,1,2,1,1
28668136,1,45,8,13,3,3,2,1,1,0,0,0,0,0,0,0,2,2,2,1,1,0,0,1,1,0,0,0,,,14,2,2,3,3,2,3,2,2,1,1,0,0,0,1,0,0,0,0,0,0,2,3,2,3,3,3,0,1,0,0,0,0,1,1,2,1,2,2,3,1
28692372,2,31,5,11,3,3,5,1,1,0,0,0,0,0,0,0,2,2,1,,,,,,,,,,4,4,4,2,2,2,2,2,2,1,1,0,0,1,0,0,0,0,0,0,0,0,0,2,1,1,1,1,2,1,1,1,1,0,0,1,1,1,1,1,1,2,1
28716922,2,29,4,13,3,3,2,1,1,0,0,0,0,0,0,0,2,1,1,,,,,,,,,,,,20,2,1,3,3,1,4,1,5,0,0,0,0,0,0,0,0,0,0,0,1,2,1,,,,,0,0,1,0,0,0,1,1,1,1,1,3,2,1
28721470,2,29,4,13,3,5,2,1,1,0,0,0,0,0,0,0,2,1,1,,,,,,,,,,,,14,2,2,3,4,1,5,1,3,1,1,0,0,0,0,1,0,0,0,1,0,2,2,1,1,3,4,0,1,1,1,0,0,1,2,3,1,1,1,3,1
28740770,2,26,4,13,3,5,2,1,1,0,0,0,1,0,0,0,3,2,1,,,,,,,,,,,,2,1,1,6,1,2,3,2,2,1,0,0,0,0,0,0,0,1,0,0,0,2,1,2,4,2,3,1,0,0,0,0,0,2,2,2,1,2,2,3,2
28750685,2,28,4,13,3,3,5,1,1,1,0,0,0,0,0,0,2,1,1,,,,,,,,,,2,1,7,2,2,6,2,2,3,1,2,1,0,0,0,0,0,0,0,0,0,0,0,2,3,4,4,4,4,0,1,0,0,0,0,1,1,1,1,1,1,5,1
28773804,2,37,6,13,3,3,2,1,1,0,0,1,0,1,0,0,3,1,1,,,,,,,,,,,,4,4,2,6,5,2,6,2,5,1,0,0,0,0,0,0,0,0,1,0,0,2,1,,,,,1,0,0,0,0,0,1,1,3,1,3,2,5,3
28774572,1,35,6,13,3,5,4,1,1,0,0,0,0,0,0,0,3,2,2,1,1,0,0,1,0,1,0,0,1,,7,3,2,4,2,3,4,2,4,0,1,0,0,0,0,1,0,0,1,0,0,1,1,2,2,4,4,1,0,1,0,0,0,2,2,2,2,2,2,3,3
28798435,2,28,4,13,3,3,5,1,1,0,0,0,0,0,0,0,3,1,2,0,0,0,0,1,0,0,0,0,4,4,7,1,1,2,1,3,6,1,5,1,0,0,0,0,0,0,0,0,1,0,0,2,1,,,,,1,1,1,1,0,0,1,1,1,1,1,4,3,3
28799899,1,26,4,13,3,5,3,1,1,0,1,0,0,0,0,0,2,2,1,,,,,,,,,,,2,4,1,3,5,5,2,3,1,2,0,0,0,0,0,1,0,0,1,1,0,0,2,3,1,2,4,4,1,1,0,0,0,0,1,2,2,1,2,1,2,1
28808258,1,36,6,13,3,5,4,1,1,0,0,0,0,0,0,0,2,1,1,,,,,,,,,,2,,8,1,6,6,2,1,2,2,4,1,0,0,0,0,0,0,0,0,1,0,0,1,3,1,3,4,5,0,0,0,0,0,1,2,1,1,1,3,3,3,3
28816905,1,28,4,13,3,3,5,1,1,0,0,0,0,0,0,0,1,2,2,1,0,0,1,1,1,0,0,0,1,1,20,10,2,2,2,2,3,2,4,0,1,0,0,0,0,1,0,1,1,0,0,1,1,2,2,4,4,1,0,0,1,0,0,2,1,2,1,1,2,2,1
28822908,1,48,8,11,3,3,2,1,1,0,0,0,0,0,0,0,2,1,1,,,,,,,,,,,,4,1,1,1,1,1,2,1,5,0,0,0,0,0,1,0,0,1,0,0,0,1,1,,,,,0,1,0,0,0,0,1,1,1,1,2,2,2,1
28826078,1,52,9,14,3,3,2,1,1,0,0,0,0,0,0,0,2,1,1,,,,,,,,,,,,4,1,1,5,5,1,5,1,5,0,0,0,0,0,1,0,0,0,0,0,0,2,3,,,,,1,0,0,0,0,0,2,1,1,1,1,1,2,1
28826486,2,36,6,12,3,4,1,1,1,0,0,0,0,0,0,0,1,1,,,,,,,,,,,,,2,4,2,6,6,2,6,1,5,1,0,0,0,0,0,0,0,1,0,0,0,1,2,,,,,0,0,1,0,0,0,,,,,,1,1,1
28831121,2,24,3,13,3,5,3,1,1,0,0,0,0,0,0,0,3,2,2,0,0,0,0,1,0,0,0,0,,1,8,1,1,4,3,1,4,2,5,1,0,0,0,0,1,0,0,0,0,0,0,2,1,,,,,1,0,0,0,0,0,1,1,2,1,2,1,3,2
28839521,1,38,6,13,3,3,2,1,1,0,0,0,0,0,0,0,1,1,1,,,,,,,,,,,,9,1,1,4,3,1,2,1,2,0,0,0,0,0,0,0,0,0,1,0,0,4,3,1,2,4,3,0,0,0,0,0,1,2,1,2,2,2,5,5,3
28842391,2,29,4,14,3,3,2,1,1,0,0,0,0,0,0,0,2,1,1,,,,,,,,,,,,4,2,1,4,4,2,5,1,2,0,0,0,0,0,0,0,0,1,0,0,0,2,1,1,1,1,1,1,0,0,1,0,0,1,1,2,1,2,3,3,1
28864164,2,33,5,14,3,3,5,1,1,0,0,0,0,0,0,0,2,1,2,0,1,0,0,1,0,1,0,0,4,4,7,2,2,6,2,2,6,2,4,0,0,0,1,0,0,0,0,0,1,0,0,1,3,1,1,1,1,0,0,0,1,0,0,1,3,3,3,3,3,4,2
