source_excel_row,F1,F2,Q5,Q6,Q7,Q8_ア,Q8_イ,Q8_ウ,Q8_エ,Q8_カ,Q8_キ,回答方法
2,2,11,3,1,2,2,1,,4,1,1,郵送
7,2,12,3,1,2,1,2,,,3,2,郵送
8,1,7,2,1,1,2,5,4,5,1,2,郵送
12,2,12,2,1,1,2,,,,,,郵送
13,2,12,5,1,1,1,1,,1,1,1,郵送
14,1,8,2,1,2,2,3,3,3,2,2,郵送
23,1,3,2,1,2,2,3,3,4,2,3,郵送
26,1,10,4,1,2,2,2,2,2,3,3,郵送
27,2,14,3,1,1,1,1,,1,1,3,郵送
28,2,9,2,1,2,2,2,2,2,2,3,郵送
29,2,12,5,3,3,3,2,3,4,4,2,郵送
32,2,14,5,3,1,1,1,1,1,1,1,郵送
33,2,14,5,3,1,1,,,,,,郵送
34,2,10,3,1,1,1,1,1,2,1,1,郵送
35,2,4,1,1,2,4,2,4,3,1,3,郵送
40,2,11,4,1,2,2,2,2,2,2,2,郵送
45,2,14,2,1,1,1,1,,1,1,1,郵送
46,1,11,1,1,2,1,1,3,3,3,3,郵送
52,2,10,2,1,4,3,4,4,4,3,3,郵送
61,2,13,3,1,3,4,2,2,3,2,2,郵送
69,2,11,3,1,2,2,2,2,2,2,2,郵送
75,2,5,2,2,2,2,2,2,3,2,3,郵送
81,1,10,2,1,3,2,4,1,4,2,3,郵送
82,2,13,4,3,1,1,1,,1,1,1,郵送
86,1,13,2,1,1,2,2,2,2,1,3,郵送
92,1,12,2,1,2,2,1,,2,2,3,郵送
102,1,9,2,1,2,2,2,2,2,2,3,郵送
105,1,14,3,1,1,2,1,3,2,1,2,郵送
106,1,9,3,1,1,2,1,1,1,1,1,郵送
108,2,4,1,1,2,4,3,4,4,3,3,郵送
110,2,10,2,2,2,2,4,5,5,2,3,郵送
116,1,11,2,1,3,2,2,3,3,2,3,郵送
117,2,5,2,1,2,1,2,3,3,2,2,郵送
131,2,13,2,1,2,2,1,2,2,2,2,郵送
136,1,10,2,3,1,1,4,3,2,1,3,郵送
139,1,10,2,1,2,2,2,2,2,2,2,郵送
141,1,11,4,3,1,2,2,2,2,2,2,郵送
144,1,12,2,3,3,3,2,4,3,2,2,郵送
149,1,13,5,3,1,1,1,1,1,1,1,郵送
152,1,7,2,1,1,1,1,1,1,1,1,郵送
153,1,14,2,1,1,1,1,2,2,1,2,郵送
158,1,14,4,1,3,4,2,,3,3,2,郵送
159,2,14,5,1,2,2,2,,2,2,2,郵送
161,2,7,2,1,1,3,1,1,1,1,1,郵送
162,1,7,3,1,2,2,3,3,3,2,2,郵送
165,1,13,3,1,2,2,2,2,4,2,3,郵送
175,1,14,2,1,2,2,2,2,2,2,2,郵送
176,1,14,2,1,2,2,1,3,3,1,2,郵送
181,1,7,2,1,3,2,2,4,5,1,3,郵送
182,2,13,3,1,3,2,3,3,4,2,3,郵送
186,1,4,1,1,2,2,3,2,4,2,3,郵送
194,2,11,3,1,1,1,2,,2,1,2,郵送
195,1,13,2,1,1,1,1,,,1,1,郵送
198,2,11,2,1,2,2,2,2,2,2,2,郵送
200,2,13,2,1,2,2,3,4,5,3,3,郵送
201,2,9,3,1,5,5,4,4,5,3,3,郵送
202,1,12,4,2,2,2,2,,5,2,2,郵送
206,1,14,3,1,,2,2,,5,2,3,郵送
207,1,14,5,1,1,1,1,1,2,1,1,郵送
218,2,4,2,1,2,1,2,4,5,1,4,郵送
226,2,14,5,2,5,5,,,,,,郵送
227,2,14,2,1,1,1,2,2,2,2,2,郵送
233,2,14,3,1,1,1,1,,1,2,2,郵送
240,1,14,1,1,2,2,1,,2,1,2,郵送
244,2,14,5,3,5,5,,,,1,1,郵送
245,2,6,3,3,2,2,2,2,4,2,2,郵送
247,1,10,5,3,1,1,1,1,2,1,1,郵送
248,1,12,3,1,2,2,1,,3,2,2,郵送
250,1,12,2,1,2,1,1,1,2,1,2,郵送
253,1,11,3,1,1,1,1,2,2,1,2,郵送
258,1,14,3,1,1,1,1,1,1,1,1,郵送
265,2,12,3,1,2,2,2,1,2,2,2,郵送
266,2,14,5,3,1,1,1,,,1,1,郵送
267,1,9,2,1,3,1,1,3,5,3,3,郵送
276,2,4,3,4,4,2,3,4,5,3,3,郵送
277,2,12,3,1,2,2,1,3,3,2,2,郵送
280,2,13,2,1,2,2,1,,1,1,2,郵送
289,2,12,5,1,1,2,2,2,2,1,1,郵送
292,2,13,3,1,3,4,2,,5,1,1,郵送
303,2,6,2,1,2,1,1,2,3,1,2,郵送
306,2,10,5,3,1,1,1,1,1,1,1,郵送
308,2,12,1,2,2,1,2,2,2,2,3,郵送
312,1,14,2,1,1,1,2,2,2,1,2,郵送
324,2,5,2,1,2,2,1,4,4,2,2,郵送
329,1,14,2,1,1,1,1,3,3,2,3,郵送
331,1,11,2,1,2,1,1,2,2,3,3,郵送
336,2,8,3,3,3,2,2,3,2,3,3,郵送
337,1,11,3,1,3,2,2,2,3,1,2,郵送
338,2,11,2,1,4,2,5,3,5,2,3,郵送
344,2,9,3,1,5,2,3,4,4,3,1,郵送
348,1,14,3,1,1,1,1,1,1,1,1,郵送
350,1,12,2,1,2,1,1,1,2,2,2,郵送
366,2,13,3,1,2,1,1,,2,1,2,郵送
374,1,5,2,2,4,3,2,3,4,3,4,郵送
378,2,7,3,3,2,3,3,3,4,2,2,郵送
380,1,14,2,1,2,2,1,2,2,3,2,郵送
382,2,9,3,1,3,5,4,3,4,2,2,郵送
396,2,13,4,3,2,2,1,,3,1,2,郵送
397,2,9,2,1,2,3,2,3,3,3,2,郵送
399,1,6,5,2,2,2,2,2,3,2,2,郵送
400,1,14,2,1,2,2,2,3,3,1,2,郵送
401,2,6,1,2,3,5,3,5,5,3,5,郵送
405,2,11,3,1,2,2,2,3,3,2,2,郵送
407,2,13,3,1,1,1,1,1,1,1,1,郵送
414,2,13,,1,1,1,1,,2,2,2,郵送
417,2,13,5,3,1,1,1,,2,1,1,郵送
429,1,12,2,3,1,2,2,3,2,2,2,郵送
433,2,8,3,2,1,2,1,1,1,1,2,郵送
434,2,12,3,1,2,3,3,3,3,3,2,郵送
437,2,14,3,1,4,4,4,4,5,3,3,郵送
438,2,4,2,1,1,1,1,1,4,1,1,郵送
442,2,13,3,1,2,1,1,2,2,2,2,郵送
443,2,12,3,1,2,2,2,,3,2,2,郵送
446,2,11,4,1,3,2,3,4,4,3,3,郵送
450,1,8,3,1,1,2,2,1,2,1,2,郵送
458,2,8,2,1,2,1,1,2,2,2,2,郵送
463,1,9,2,2,2,2,4,4,2,1,3,郵送
465,2,8,2,1,4,4,2,3,4,2,3,郵送
467,2,12,3,1,1,1,2,2,2,1,1,郵送
471,2,13,3,3,1,1,2,1,2,2,2,郵送
480,2,4,2,1,4,5,5,2,3,5,3,郵送
488,1,13,2,1,2,2,2,3,4,2,4,郵送
489,2,12,3,3,2,1,4,3,1,2,2,郵送
490,2,6,2,4,4,3,5,4,3,5,2,郵送
491,1,13,4,2,1,3,2,3,3,3,2,郵送
494,1,14,5,3,1,1,1,1,2,1,1,郵送
497,2,5,3,1,2,2,4,3,5,1,1,郵送
499,2,4,3,1,3,2,1,2,4,2,2,郵送
500,1,14,1,1,3,4,2,,,1,3,郵送
501,1,14,3,1,2,2,1,,4,2,1,郵送
506,2,14,3,1,3,4,2,,4,4,3,郵送
507,2,9,2,1,4,3,4,4,5,3,3,郵送
519,1,10,3,1,3,2,4,3,5,2,3,郵送
526,2,12,3,1,2,2,3,1,3,2,2,郵送
527,2,14,3,1,2,2,1,2,2,2,2,郵送
529,2,7,2,1,3,2,2,2,3,2,2,郵送
536,2,12,2,3,1,1,1,,,1,1,郵送
537,2,14,2,3,1,2,3,3,3,2,2,郵送
538,2,9,3,1,1,1,1,1,3,1,1,郵送
541,2,14,3,1,2,2,2,,2,1,1,郵送
545,2,7,2,1,1,2,4,2,2,2,2,郵送
551,2,11,2,1,3,2,2,2,3,1,2,郵送
554,1,10,1,1,1,2,1,1,1,1,2,郵送
563,2,10,4,1,2,2,1,3,3,2,2,郵送
572,2,14,2,1,3,3,3,3,3,3,3,郵送
573,1,12,2,1,3,2,2,3,5,2,3,郵送
574,2,9,3,3,2,1,2,3,4,1,1,郵送
575,1,10,2,1,5,4,3,3,5,4,3,郵送
576,2,14,5,1,2,2,2,2,2,2,2,郵送
589,2,4,2,1,1,2,5,4,4,1,4,郵送
591,2,9,2,2,3,3,4,4,3,3,4,郵送
598,2,12,3,1,3,2,2,,,3,2,郵送
599,2,6,2,1,2,2,3,3,3,2,2,郵送
605,1,10,2,1,2,2,4,3,4,2,2,郵送
609,1,14,2,1,1,1,1,1,1,1,1,郵送
614,2,9,1,1,2,2,2,2,2,3,3,郵送
628,2,8,3,1,2,2,2,2,3,1,2,郵送
638,2,4,1,1,2,4,3,3,3,1,2,郵送
645,1,11,5,1,1,2,2,2,2,1,2,郵送
647,2,13,3,1,2,2,2,3,3,2,3,郵送
654,2,10,3,1,2,1,1,1,1,1,1,郵送
655,2,14,4,1,3,3,2,,2,1,2,郵送
660,1,13,3,1,2,1,2,3,2,1,2,郵送
665,1,14,3,2,2,2,1,,3,2,2,郵送
666,2,11,2,1,2,2,2,,,2,3,郵送
667,2,10,2,1,2,2,2,2,3,2,3,郵送
668,2,8,1,1,2,3,1,1,3,1,2,郵送
679,1,13,3,1,4,2,4,2,2,3,3,郵送
683,1,7,2,1,1,2,2,2,3,1,2,郵送
684,1,14,3,1,2,2,2,,3,2,3,郵送
685,1,14,5,1,2,2,1,3,3,2,2,郵送
691,2,9,2,1,1,1,1,3,3,1,1,郵送
693,2,2,2,3,1,1,1,2,2,1,2,郵送
698,1,12,3,1,1,1,1,2,2,2,2,郵送
700,1,14,4,3,2,1,2,3,3,2,2,郵送
702,2,13,3,1,2,2,2,2,2,2,2,郵送
705,1,14,5,4,4,4,2,4,3,5,5,郵送
708,2,14,2,1,1,,,,,,,郵送
711,1,10,2,1,1,4,2,2,2,2,3,郵送
723,1,4,1,1,2,2,1,3,3,3,3,郵送
724,2,13,3,1,2,2,1,,3,3,3,郵送
731,1,11,3,1,2,2,1,2,2,2,2,郵送
739,2,14,4,3,2,2,1,2,2,1,1,郵送
747,1,12,2,1,3,3,3,3,3,3,3,郵送
750,2,5,3,4,1,1,4,3,2,2,1,郵送
752,1,10,3,1,3,2,2,3,3,3,2,郵送
756,2,8,3,1,2,2,2,3,3,2,2,郵送
775,1,8,2,1,5,4,5,5,5,2,2,郵送
778,1,8,2,1,3,1,2,3,2,5,3,郵送
782,2,8,2,1,2,2,2,3,3,2,3,郵送
784,2,10,3,1,2,2,2,3,2,2,2,郵送
786,1,13,3,1,2,1,1,1,1,4,1,郵送
790,2,4,2,1,2,2,2,3,3,2,3,郵送
791,2,14,1,1,2,2,1,,2,2,1,郵送
792,2,12,3,1,2,2,2,2,,3,2,郵送
793,1,13,4,3,2,1,1,1,4,2,2,郵送
794,1,12,2,3,2,1,2,1,2,5,3,郵送
798,2,13,2,1,3,4,2,,3,1,5,郵送
808,1,8,3,1,1,2,2,2,1,2,2,郵送
814,2,6,1,1,2,1,4,5,2,1,1,郵送
819,1,12,3,1,1,1,1,3,2,1,2,郵送
822,1,13,3,2,3,4,2,3,3,3,3,郵送
824,2,12,2,1,2,2,2,2,2,2,3,郵送
827,1,12,3,1,3,4,3,4,5,2,3,郵送
828,2,7,,1,2,2,3,3,4,1,1,郵送
829,2,11,2,1,,2,2,3,5,4,3,郵送
830,2,12,3,1,1,1,2,2,2,1,2,郵送
831,1,14,2,2,3,2,2,,4,2,3,郵送
834,2,9,2,1,2,2,2,2,2,3,3,郵送
837,2,3,1,1,4,4,2,2,4,2,3,郵送
847,1,14,2,1,2,1,1,,,1,1,郵送
849,1,10,1,2,,,,,,,,郵送
852,1,14,2,1,3,2,2,3,3,2,3,郵送
861,1,13,3,1,2,2,1,2,2,2,2,郵送
866,1,14,4,3,2,2,1,,2,1,3,郵送
875,1,12,2,1,1,1,2,1,1,,2,郵送
880,2,10,3,1,1,1,1,1,2,1,1,郵送
881,2,8,1,1,2,2,2,2,2,2,3,郵送
884,2,9,3,2,5,3,5,5,5,5,4,郵送
892,2,14,3,1,3,2,3,3,3,3,3,郵送
897,1,14,4,3,2,1,2,4,3,2,2,郵送
900,1,10,3,1,1,1,3,2,2,2,2,郵送
903,2,11,2,1,2,2,2,3,2,2,2,郵送
904,1,14,3,3,1,1,1,3,3,1,2,郵送
910,1,12,3,1,4,3,3,3,5,4,3,郵送
911,1,9,1,1,3,3,3,4,4,3,3,郵送
914,2,11,5,3,3,3,3,3,3,3,3,郵送
918,2,13,4,1,1,1,1,1,2,1,2,郵送
922,2,4,1,1,2,1,1,1,2,1,2,郵送
923,1,7,2,1,1,1,1,1,2,1,2,郵送
924,1,9,3,4,1,1,2,4,4,1,4,郵送
932,1,11,2,1,2,2,2,2,3,2,3,郵送
933,2,5,3,1,2,2,4,4,4,4,3,郵送
935,2,12,2,1,1,1,1,1,1,1,1,郵送
936,1,14,3,1,1,1,1,,2,1,2,郵送
943,2,7,5,1,3,2,3,3,3,2,2,郵送
945,2,9,3,1,2,2,2,3,2,2,2,郵送
946,2,11,3,4,2,1,2,1,1,1,2,郵送
950,2,14,5,3,1,2,1,,2,2,1,郵送
956,2,12,5,3,2,2,1,3,4,1,1,郵送
958,2,11,2,1,5,5,1,5,5,2,4,郵送
961,2,14,4,1,2,2,4,,3,2,2,郵送
967,2,8,2,1,3,2,3,3,4,3,2,郵送
979,1,12,2,1,1,2,1,,,1,2,郵送
986,2,6,,3,3,2,4,3,2,2,2,郵送
990,1,10,1,1,1,1,1,1,1,3,3,郵送
993,1,13,4,1,1,2,2,2,3,2,2,郵送
994,2,9,2,1,4,2,5,4,5,2,2,郵送
995,,13,3,1,2,2,2,,2,2,2,郵送
997,2,6,2,1,2,2,1,2,2,1,2,郵送
1000,1,11,3,1,3,2,2,3,4,2,3,郵送
1001,2,12,2,,5,5,3,,5,2,4,郵送
1002,1,14,3,2,4,,,,4,,4,郵送
1006,2,8,1,1,3,2,2,4,4,2,2,郵送
1007,2,13,3,1,2,2,2,,3,2,3,郵送
1010,2,9,3,1,1,1,2,2,2,2,2,郵送
1016,1,12,2,2,1,1,1,,2,1,2,郵送
1017,2,10,1,1,2,2,2,2,2,2,2,郵送
1021,1,14,3,1,2,3,,,3,2,3,郵送
1024,2,14,4,2,2,,,,,1,,郵送
1029,1,13,3,1,2,2,2,2,2,2,2,郵送
1035,2,14,1,1,4,2,3,,5,2,3,郵送
1036,1,2,2,1,4,3,2,3,4,3,3,郵送
1047,2,8,2,1,1,1,1,1,1,1,1,郵送
1055,2,10,3,1,2,1,2,2,2,2,2,郵送
1069,1,13,5,3,2,2,2,,2,1,1,郵送
1071,1,13,3,3,1,1,1,1,2,1,1,郵送
1074,2,12,2,1,2,2,2,,2,2,2,郵送
1077,2,13,,1,2,2,1,3,3,2,3,郵送
1081,2,10,,,2,1,1,2,,1,1,郵送
1088,2,14,2,1,3,2,3,3,3,2,3,郵送
1100,1,12,3,1,1,1,2,1,1,1,2,郵送
1107,1,5,5,4,1,1,1,1,1,1,1,郵送
1114,2,9,5,3,1,1,1,1,1,1,1,郵送
1119,2,10,2,1,3,4,2,,3,,2,郵送
1127,2,14,3,1,3,,3,,,,,郵送
1137,,13,2,1,3,1,3,,5,,4,郵送
1138,2,10,3,1,2,1,1,1,2,1,1,郵送
1140,2,10,4,3,4,4,2,4,4,2,2,郵送
1141,2,5,3,1,2,2,1,1,5,1,1,郵送
1150,2,7,2,2,2,2,2,2,2,1,2,郵送
1156,2,14,3,1,2,2,2,,5,5,2,郵送
1159,2,14,4,3,2,1,1,1,1,1,2,郵送
1184,2,13,3,1,2,2,2,2,,1,2,郵送
1186,2,11,3,4,5,2,2,3,4,2,2,郵送
1187,1,7,2,1,1,1,1,2,1,2,1,郵送
1189,2,9,1,1,1,1,2,1,1,1,2,郵送
1192,2,8,4,2,2,2,2,3,2,2,2,郵送
1201,1,13,2,1,3,2,2,,2,3,2,郵送
1204,2,8,,1,1,1,1,1,1,1,1,郵送
1206,2,11,2,1,3,3,1,,,1,1,郵送
1209,2,10,3,3,2,2,4,2,4,1,1,郵送
1220,2,10,2,1,2,2,2,2,2,2,2,郵送
1221,2,12,2,1,2,2,1,3,,2,2,郵送
1223,2,12,2,1,2,2,2,2,2,2,3,郵送
1229,1,12,2,1,4,3,4,4,4,2,2,郵送
1230,2,13,2,1,2,3,2,2,3,2,3,郵送
1233,1,12,3,3,2,1,2,2,2,3,3,郵送
1234,2,9,3,1,1,1,2,2,1,1,2,郵送
1239,2,6,2,1,1,2,3,2,3,1,1,郵送
1249,1,3,1,1,2,2,2,2,5,2,3,郵送
1252,2,12,2,1,3,2,4,2,2,4,3,郵送
1257,1,12,3,1,2,1,2,3,4,1,3,郵送
1259,1,9,1,1,2,2,1,3,3,2,3,郵送
1267,2,14,3,1,3,3,3,3,3,3,3,郵送
1273,2,9,2,1,2,2,2,2,3,1,2,郵送
1274,1,13,2,1,2,2,3,3,3,3,3,郵送
1275,2,12,,1,2,2,2,2,2,2,2,郵送
1278,1,13,5,3,1,2,2,2,2,2,2,郵送
1281,1,7,2,2,2,2,2,2,2,1,4,郵送
1287,1,6,5,1,1,1,1,1,1,1,1,郵送
1289,1,7,3,3,2,1,1,4,3,2,2,郵送
1290,2,14,4,1,3,2,2,,3,2,2,郵送
1294,1,9,3,1,2,2,2,3,3,2,2,郵送
1295,2,8,1,2,1,2,3,3,3,1,2,郵送
1297,2,7,2,,2,2,3,2,2,1,,郵送
1300,2,11,2,1,3,3,2,4,5,3,3,郵送
1304,1,7,2,1,2,2,2,2,2,2,3,郵送
1308,2,4,2,1,1,2,2,2,2,2,2,郵送
1312,2,7,3,1,2,2,3,3,2,2,2,郵送
1325,2,6,2,3,2,2,1,3,5,1,2,郵送
1326,2,12,3,3,3,4,5,4,4,2,2,郵送
1327,2,8,3,1,1,1,1,1,2,1,2,郵送
1341,1,12,2,1,2,2,2,2,2,2,2,郵送
1347,2,10,3,3,4,4,5,2,4,4,3,郵送
1348,1,5,3,1,2,1,2,2,2,1,2,郵送
1356,2,2,1,1,2,1,2,2,3,1,2,郵送
1360,1,13,4,1,2,1,2,3,3,1,2,郵送
1361,2,5,2,1,1,2,4,3,2,1,2,郵送
1364,1,13,2,1,2,1,1,3,4,1,3,郵送
1368,2,12,2,1,1,2,1,2,4,1,3,郵送
1378,1,7,2,1,2,2,3,2,2,2,3,郵送
1388,1,12,3,1,2,2,1,3,4,2,3,郵送
1398,,8,2,1,2,2,2,2,3,2,3,郵送
1399,1,12,4,1,2,2,2,2,2,2,2,郵送
1404,1,14,3,1,2,2,1,,2,1,2,郵送
1405,2,6,3,1,2,2,2,2,2,2,2,郵送
1406,2,7,3,1,2,2,4,4,5,4,2,郵送
1411,2,9,3,1,1,1,2,1,2,2,3,郵送
1413,2,7,3,1,2,3,2,3,3,2,3,郵送
1414,1,14,3,1,2,2,2,2,2,2,2,郵送
1416,2,5,5,1,2,2,3,4,4,1,1,郵送
1417,2,12,3,1,2,2,2,,2,2,2,郵送
1421,2,14,4,3,1,1,1,,5,4,2,郵送
1423,2,9,3,1,3,2,2,2,4,2,2,郵送
1425,2,12,2,1,1,1,1,,2,2,3,郵送
1426,1,8,2,1,2,5,2,,2,1,3,郵送
1428,1,5,3,3,2,1,3,2,2,1,1,郵送
1435,2,11,3,1,3,4,4,3,4,3,3,郵送
1437,2,12,3,1,2,2,2,,3,1,2,郵送
1455,1,4,2,1,2,4,2,2,3,2,2,郵送
1461,2,11,3,1,1,2,1,2,2,1,2,郵送
1462,2,8,1,2,1,1,2,2,5,4,2,郵送
1465,2,8,3,3,3,2,4,3,3,1,3,郵送
1467,2,10,3,1,2,2,2,2,2,2,2,郵送
1469,2,14,3,1,1,1,1,1,1,1,1,郵送
1473,2,11,2,1,3,1,1,1,1,3,3,郵送
1483,2,12,1,2,,3,2,4,4,1,5,郵送
1484,1,7,1,2,2,2,2,4,3,2,3,郵送
1486,1,9,1,1,3,3,2,3,3,3,4,郵送
1489,2,9,3,1,2,2,1,2,2,1,1,郵送
1498,1,12,2,2,3,4,2,3,5,1,3,郵送
1503,1,6,,2,5,4,4,4,5,1,5,郵送
1505,2,14,5,1,2,2,2,,3,2,2,郵送
1506,1,11,1,1,4,3,2,2,4,1,3,郵送
1513,1,11,2,1,2,2,2,2,3,4,2,郵送
1518,1,11,3,1,2,1,2,3,2,1,2,郵送
1520,1,9,3,1,2,2,1,2,2,1,1,郵送
1522,2,13,2,1,3,1,2,4,3,2,3,郵送
1529,1,12,3,1,2,2,2,3,3,2,3,郵送
1534,2,2,2,1,2,2,2,3,3,4,3,郵送
1541,2,14,3,1,2,2,2,,3,2,2,郵送
1551,1,6,2,1,1,2,2,4,4,1,2,郵送
1553,2,14,5,3,1,1,1,,1,1,2,郵送
1555,2,12,2,1,2,1,1,1,3,1,1,郵送
1557,2,13,3,3,1,1,1,1,1,1,1,郵送
1559,2,13,,3,2,1,1,,1,2,2,郵送
1564,2,8,3,1,1,1,1,1,1,1,2,郵送
1565,2,2,1,1,2,2,2,2,4,3,3,郵送
1580,2,14,3,1,1,1,1,1,3,1,2,郵送
1582,2,8,,,3,3,3,3,3,3,3,郵送
1586,2,3,2,1,1,2,1,1,4,1,1,郵送
1587,2,6,2,1,1,1,2,2,2,1,1,郵送
1591,2,10,3,2,2,2,2,2,2,2,3,郵送
1593,2,13,2,1,5,2,3,,5,2,3,郵送
1597,2,13,3,1,,4,2,3,4,2,2,郵送
1599,2,14,3,1,2,2,1,3,3,2,3,郵送
1604,2,9,2,1,3,2,2,4,4,2,3,郵送
1605,2,7,2,1,3,4,4,5,4,2,3,郵送
1611,1,7,3,3,2,3,2,2,3,1,1,郵送
1615,2,8,2,1,2,2,2,2,2,2,2,郵送
1624,2,13,2,1,2,2,,,,,,郵送
1635,1,3,1,1,5,3,5,5,4,1,3,郵送
1639,2,11,3,1,1,,,,2,,,郵送
1644,1,8,2,1,2,2,2,2,3,2,2,郵送
1648,1,10,2,1,2,2,2,2,2,2,3,郵送
1651,1,9,,,1,1,1,1,1,1,1,郵送
1653,1,8,2,1,2,4,1,1,1,3,3,郵送
1655,2,11,3,2,2,1,1,1,,2,3,郵送
1659,2,14,2,1,2,1,,,1,1,,郵送
1667,2,10,2,1,2,2,2,2,2,2,2,郵送
1683,2,10,2,2,4,4,3,3,2,1,3,郵送
1684,2,10,2,1,2,3,3,2,2,2,2,郵送
1686,2,8,3,3,2,1,1,2,2,1,2,郵送
1690,1,12,5,1,1,2,2,1,1,1,2,郵送
1697,1,9,1,1,5,2,4,5,5,2,3,郵送
1703,1,7,2,1,1,1,1,2,2,1,2,郵送
1712,2,13,4,1,1,1,1,1,1,1,1,郵送
1714,1,4,1,4,3,5,1,2,2,1,,郵送
1722,1,4,1,1,2,2,2,3,3,3,3,web
1728,1,2,2,1,3,2,2,2,4,1,1,web
1729,2,8,2,1,2,2,2,2,2,1,2,web
1740,1,3,2,1,1,1,1,2,1,1,2,web
1746,2,3,2,1,2,3,1,2,3,2,3,web
1751,1,7,3,3,2,2,5,2,1,2,2,web
1754,2,10,3,1,3,2,2,3,2,2,3,web
1755,2,6,2,2,4,2,2,2,4,1,2,web
1756,1,8,3,1,1,1,1,2,2,2,3,web
1757,2,8,2,1,1,3,1,1,1,1,1,web
1761,2,4,5,3,2,2,2,2,2,2,2,web
1764,1,10,2,2,3,4,2,4,3,4,3,web
1765,1,7,2,2,5,3,3,4,5,3,3,web
1769,1,9,2,2,1,1,1,1,2,1,2,web
1776,1,8,1,1,2,2,1,2,2,2,2,web
1778,1,6,2,1,3,2,3,2,3,2,3,web
1789,1,4,2,1,4,1,3,3,4,2,5,web
1794,2,4,1,1,2,2,2,4,4,2,3,web
1803,1,9,2,2,1,1,1,1,3,2,2,web
1819,1,5,2,1,2,2,3,3,3,1,3,web
1821,1,4,2,1,1,1,1,1,4,1,1,web
1823,2,7,2,1,3,2,3,3,3,2,3,web
1826,2,4,3,1,2,1,2,3,4,1,3,web
1828,2,3,2,1,2,2,2,4,4,2,2,web
1829,1,7,1,1,2,2,2,3,2,2,2,web
1833,1,5,3,1,2,2,2,2,2,1,2,web
1838,2,2,2,1,2,2,2,2,3,2,2,web
1844,2,3,2,1,2,3,2,2,2,2,3,web
1850,1,7,1,1,2,2,5,4,2,2,2,web
1851,1,9,3,1,4,3,2,2,4,3,3,web
1852,1,10,3,1,2,2,1,2,3,3,3,web
1853,1,3,1,1,2,1,2,4,3,1,3,web
1854,2,4,2,1,2,2,2,3,3,2,2,web
1856,,9,2,1,1,1,1,1,1,1,2,web
1857,2,8,3,1,3,1,2,2,3,3,3,web
1860,2,5,3,3,2,2,2,2,2,2,1,web
1861,2,2,1,1,4,2,5,1,3,2,3,web
1866,1,10,2,1,1,1,1,1,1,1,1,web
1870,1,2,1,2,5,5,4,4,3,1,5,web
1873,1,9,3,1,2,2,2,2,2,1,1,web
1875,,4,2,3,2,2,1,1,2,1,2,web
1877,1,7,2,1,2,1,3,4,1,2,3,web
1879,1,10,2,1,2,2,2,2,3,2,3,web
1880,2,8,1,1,2,1,4,2,2,3,2,web
1891,1,7,2,1,2,2,2,2,2,1,2,web
1892,1,11,2,1,1,1,1,3,3,2,2,web
1895,1,5,1,1,1,1,1,1,2,1,2,web
1901,2,6,3,1,2,2,1,2,4,1,2,web
1905,1,8,3,1,2,2,2,2,3,2,2,web
1914,2,6,3,1,1,1,2,1,2,2,2,web
1916,1,4,1,2,1,2,1,2,2,1,2,web
1917,2,9,2,1,4,4,4,4,5,3,3,web
1919,,8,2,1,1,1,2,2,3,1,2,web
1933,2,5,4,3,2,2,2,2,2,2,2,web
1935,2,3,2,1,2,1,2,2,3,2,2,web
1944,,11,3,1,1,1,2,3,3,4,2,web
1947,1,3,1,1,4,2,3,3,4,2,2,web
1949,1,4,2,1,2,1,2,2,3,1,1,web
1950,,8,2,1,1,1,2,1,1,1,2,web
1952,1,9,2,1,2,2,2,2,2,3,2,web
1959,1,6,2,1,5,2,5,4,5,4,2,web
1962,1,6,1,1,2,4,2,2,1,3,5,web
1964,2,8,4,1,4,5,2,4,5,5,2,web
1965,2,12,2,1,2,3,1,1,1,2,2,web
1966,2,8,2,1,1,1,1,3,1,1,2,web
1968,2,4,2,1,4,2,2,4,4,4,2,web
1970,2,13,3,1,1,1,1,3,4,1,1,web
1972,1,4,1,1,4,4,4,5,2,4,2,web
1974,1,10,2,2,2,2,2,2,3,2,2,web
1978,2,7,2,1,3,4,4,1,2,4,3,web
1980,2,8,3,1,1,1,1,1,2,2,1,web
1982,1,6,2,1,1,1,1,1,1,1,3,web
1983,1,5,2,1,5,2,1,5,5,3,3,web
1985,1,11,2,1,1,1,1,2,1,2,2,web
1986,,11,2,1,2,2,1,1,2,1,3,web
1988,1,7,3,3,5,4,4,4,4,3,2,web
1998,1,9,2,1,2,2,2,2,3,2,3,web
2004,2,6,3,3,2,2,2,2,3,2,2,web
2006,1,8,1,1,1,1,1,1,2,2,2,web
2009,2,8,2,1,1,5,2,2,1,3,4,web
2011,2,7,2,1,1,1,1,1,1,1,1,web
2012,2,8,2,1,2,1,4,1,1,3,3,web
2019,1,8,3,1,3,2,2,2,5,1,2,web
2023,1,6,1,1,2,2,2,2,2,4,4,web
2024,2,3,1,1,2,1,1,1,3,2,1,web
2028,2,3,2,1,4,4,2,4,4,1,2,web
2036,1,11,5,3,1,1,1,2,2,1,2,web
2045,2,7,3,1,2,1,1,2,1,1,1,web
2050,1,2,2,3,2,2,2,3,2,2,3,web
2052,1,8,1,1,2,2,2,2,2,2,2,web
2060,2,6,2,1,2,2,2,2,3,2,2,web
2062,1,8,2,2,2,2,4,5,5,1,3,web
2065,1,7,2,1,3,2,4,3,2,3,3,web
2067,1,13,1,1,2,1,1,1,2,1,3,web
2073,,10,2,1,2,2,3,2,2,1,2,web
2075,1,5,2,1,2,2,3,3,4,3,3,web
2083,1,9,1,1,2,2,4,2,2,2,2,web
2085,2,6,2,1,2,3,2,3,3,1,2,web
2086,2,9,5,3,2,2,2,3,3,2,2,web
2092,1,10,2,1,2,2,3,2,2,2,2,web
2095,2,3,2,1,1,1,2,2,4,2,2,web
2096,2,2,4,3,1,1,1,2,1,1,1,web
2100,1,4,2,2,2,2,4,2,2,3,2,web
2101,2,6,2,2,3,2,4,5,4,5,3,web
2102,2,4,1,1,4,4,3,3,4,2,3,web
2104,2,7,2,1,2,2,2,2,3,3,1,web
2109,1,4,2,1,2,2,2,3,3,1,2,web
2112,2,4,2,1,4,5,2,2,4,2,2,web
2131,2,7,4,1,2,2,2,2,5,1,1,web
2161,2,5,2,1,2,2,2,2,2,2,2,web
2166,,11,3,1,2,2,1,3,4,2,2,web
2168,1,5,2,4,3,3,2,3,3,3,4,web
2169,1,7,3,2,1,1,1,1,3,2,2,web
2172,1,12,2,1,2,2,1,3,3,2,3,web
2175,1,4,1,1,2,3,2,2,2,2,3,web
2176,2,10,2,1,2,2,2,3,4,2,2,web
2186,2,6,2,1,2,3,2,3,4,2,3,web
2189,1,12,5,3,1,1,1,1,1,1,1,web
2190,2,7,5,3,2,3,2,2,3,1,1,web
2191,2,7,5,1,2,2,3,2,2,1,2,web
2194,1,10,1,2,3,2,4,4,4,3,2,web
2204,2,8,2,1,4,4,2,3,3,4,3,web
2211,2,7,1,1,2,3,2,2,1,2,2,web
2218,2,4,3,1,1,1,2,1,3,1,2,web
2220,2,5,2,1,2,4,2,3,3,2,3,web
2221,1,11,3,1,1,1,1,3,3,2,2,web
2228,1,5,2,1,2,2,1,3,4,2,2,web
2242,1,10,5,1,1,1,1,1,4,5,2,web
2248,2,6,2,1,3,1,4,4,2,4,2,web
2252,1,7,1,1,2,2,2,1,2,3,2,web
2255,2,12,3,1,2,4,5,3,5,2,3,web
2258,2,7,1,1,2,1,4,3,3,2,3,web
2263,2,9,3,1,2,2,2,2,3,1,2,web
2265,2,7,2,2,3,2,3,3,3,3,3,web
2269,2,6,3,1,3,3,3,3,4,4,3,web
2271,1,10,1,1,2,3,1,3,4,2,3,web
2277,1,3,1,2,2,2,2,3,2,3,3,web
2298,1,11,2,1,1,2,1,1,1,1,2,web
2314,1,9,2,1,2,2,2,2,2,3,3,web
2316,1,8,3,1,1,1,1,1,1,1,1,web
2317,2,3,2,1,2,2,4,3,2,3,2,web
2328,2,2,2,1,3,3,4,4,5,2,2,web
2337,1,7,2,1,2,3,2,2,3,2,2,web
2339,2,14,2,1,2,2,2,3,4,2,3,web
2342,1,4,1,1,2,2,2,3,4,4,2,web
2344,1,5,2,1,2,2,1,2,2,2,3,web
2345,1,10,3,3,2,1,2,1,2,1,1,web
2355,1,3,1,1,2,2,1,4,3,1,1,web
2363,2,3,2,1,2,2,2,3,3,1,2,web
2371,1,9,2,1,2,2,2,2,2,2,3,web
2375,2,7,5,3,2,2,4,5,4,1,1,web
2378,1,9,1,1,2,4,2,2,2,3,3,web
2385,1,8,4,3,1,2,1,3,3,3,1,web
2393,2,6,1,1,3,3,2,3,4,1,2,web
2395,2,4,1,1,2,2,2,3,3,4,3,web
2396,2,4,3,1,2,2,4,2,4,1,1,web
2397,1,7,2,4,2,3,2,1,2,3,3,web
2399,1,13,2,1,2,1,1,2,2,1,2,web
2406,2,2,1,1,1,1,1,1,3,1,1,web
2409,1,7,2,1,4,2,1,4,4,1,1,web
2414,,7,2,1,4,3,4,4,2,4,3,web
2418,1,11,3,1,1,1,1,3,2,2,2,web
2424,1,6,1,1,3,3,2,2,2,3,3,web
2428,,12,2,1,2,3,3,2,3,4,3,web
2434,1,12,3,1,2,2,1,3,3,1,2,web
2439,2,9,1,1,2,3,2,5,2,2,2,web
2442,1,8,2,1,2,2,2,2,2,3,3,web
2445,2,6,1,1,1,1,2,2,2,1,1,web
2446,1,12,2,1,2,1,1,2,2,1,2,web
2448,2,7,1,1,2,2,1,4,3,1,3,web
2451,2,5,1,1,4,5,2,4,4,2,3,web
2458,1,8,2,3,1,2,5,1,2,5,1,web
2472,2,6,5,1,2,2,3,2,2,4,3,web
2474,1,8,2,1,2,2,2,2,2,2,2,web
2476,1,4,,,2,2,2,2,2,2,2,web
2480,2,14,3,1,3,3,2,3,5,1,3,web
2484,,3,2,1,2,2,2,2,3,2,2,web
2501,1,6,2,2,1,1,4,3,2,1,1,web
2506,2,5,3,1,1,1,1,1,1,1,1,web
2511,2,7,1,1,3,3,3,3,4,3,3,web
2513,2,5,2,1,2,2,1,2,3,2,3,web
2524,1,8,2,1,2,2,2,2,4,1,2,web
2529,1,5,1,1,3,2,2,2,1,1,1,web
2534,1,8,1,1,2,1,2,2,2,1,2,web
2536,2,6,3,1,2,2,3,2,3,1,2,web
2537,2,8,3,1,1,1,1,3,3,2,2,web
2543,1,6,2,1,2,2,1,1,2,1,1,web
2562,2,3,2,1,2,4,2,1,1,4,1,web
2563,1,5,2,1,2,2,4,4,5,4,3,web
2568,1,4,1,1,2,3,3,4,4,1,1,web
2570,2,7,3,1,2,1,3,2,4,2,2,web
