__rowId__,respondent_id,task_id,alternative_id,brand,price,rating
rt1_1,R1,T1,A1,A,100,6.03800568797517
rt1_2,R1,T2,A1,A,200,5.703144372258292
rt1_3,R1,T3,A1,A,300,5.1319545215925695
rt1_4,R1,T4,A1,B,100,4.796475080854291
rt1_5,R1,T5,A1,B,200,4.517664241335588
rt1_6,R1,T6,A1,B,300,3.959752702098749
rt2_1,R2,T1,A1,A,100,5.931542628831049
rt2_2,R2,T2,A1,A,200,5.878576232789827
rt2_3,R2,T3,A1,A,300,5.3573987740926885
rt2_4,R2,T4,A1,B,100,4.953047599862367
rt2_5,R2,T5,A1,B,200,4.792836694843407
rt2_6,R2,T6,A1,B,300,4.11399475394337
rt3_1,R3,T1,A1,A,100,6.3165180737081545
rt3_2,R3,T2,A1,A,200,6.063864777291666
rt3_3,R3,T3,A1,A,300,5.756208848538261
rt3_4,R3,T4,A1,B,100,5.352254688755128
rt3_5,R3,T5,A1,B,200,4.698173220416921
rt3_6,R3,T6,A1,B,300,4.203594969597678
rt4_1,R4,T1,A1,A,100,6.553202108330696
rt4_2,R4,T2,A1,A,200,5.839498508880546
rt4_3,R4,T3,A1,A,300,5.653200672592324
rt4_4,R4,T4,A1,B,100,5.287161660875753
rt4_5,R4,T5,A1,B,200,4.851015148425325
rt4_6,R4,T6,A1,B,300,4.394074564284315
rt5_1,R5,T1,A1,A,100,6.699363817325915
rt5_2,R5,T2,A1,A,200,6.241661144218932
rt5_3,R5,T3,A1,A,300,5.6535389021168525
rt5_4,R5,T4,A1,B,100,5.4842389963254385
rt5_5,R5,T5,A1,B,200,4.937385046848086
rt5_6,R5,T6,A1,B,300,4.673944350639444
rt6_1,R6,T1,A1,A,100,6.897136057141685
rt6_2,R6,T2,A1,A,200,6.453907014463643
rt6_3,R6,T3,A1,A,300,5.904490215534881
rt6_4,R6,T4,A1,B,100,5.7794836550729105
rt6_5,R6,T5,A1,B,200,5.1668702685699905
rt6_6,R6,T6,A1,B,300,4.677298240306253
rt7_1,R7,T1,A1,A,100,6.746762644126814
rt7_2,R7,T2,A1,A,200,6.593392434094454
rt7_3,R7,T3,A1,A,300,5.984844892054692
rt7_4,R7,T4,A1,B,100,5.838100955009884
rt7_5,R7,T5,A1,B,200,5.37774293158385
rt7_6,R7,T6,A1,B,300,4.788131521802171
rt8_1,R8,T1,A1,A,100,7.05779114728636
rt8_2,R8,T2,A1,A,200,6.775263816271885
rt8_3,R8,T3,A1,A,300,6.023384268486495
rt8_4,R8,T4,A1,B,100,5.873768594813352
rt8_5,R8,T5,A1,B,200,5.119035752821739
rt8_6,R8,T6,A1,B,300,5.025554581141855
