__rowId__,q1,q2,q3,q4,q5,q6
fa1,-0.062356048781765296,0.48765748827840116,0.528186273690534,-0.6747162574073705,-0.06590439911090977,0.4699833479785861
fa2,-1.0712016661835844,-0.7771344739641171,0.42226420306675194,-1.3478975056756362,0.4034421651015438,-1.004847331461869
fa3,-0.3445984189599974,-0.6001720164500745,-0.3587575630208848,1.6189047541352093,0.13103442808970706,0.4023181801407592
fa4,-1.5421169822102274,0.4405271623494565,-0.6225703966944456,-0.39429766978952,-0.2860570514730476,-0.1054660445399914
fa5,1.423769756204372,0.7567286136989718,0.895705908802211,-0.6837903628262063,-1.469692810607795,-1.370348112624649
fa6,-1.389550639537841,-0.541973590768464,0.4735333699673878,1.5194811496584748,0.4510639191345864,0.6024208785090344
fa7,0.2346777234610223,0.3666382388499747,-0.38208688764635396,-2.0832111693129867,-1.9259613215309201,-1.33389598226967
fa8,-0.9368505888922303,-0.6282907221912524,2.156830980686191,0.19399416150067922,-2.1741844247523896,0.3087576671581428
fa9,0.4769596966772838,1.2457509560229343,0.8338677013297766,-0.785877488864212,-0.09225931780948526,-0.6344974369065174
fa10,1.369560678693468,0.8325775852673905,0.6454988830316682,-0.7750800182898078,-1.2444963442834431,-1.0814355953844277
fa11,-0.7114589047675124,-0.7108187953184733,-1.5284440282696163,1.663063731885026,0.22515307315255617,0.5420135474833253
fa12,-0.732300123169412,-0.1266857293040445,-0.9884283345723668,-0.3750258532230414,-0.17640365013375675,-0.39880697350197575
fa13,-0.04863848311589634,0.17069252482946243,-0.16442010148650835,0.8283382444873663,1.586539955576182,2.0235593649581274
fa14,1.0724212998023868,1.3322061978438937,0.6444552208295613,0.5984274140647974,1.5976231334697628,3.0393610855305835
fa15,0.25666498679918337,-0.6203348435932884,-1.0804405380429751,-2.0460754963142795,-0.9250324586983978,-0.0812620100605218
fa16,1.6931715258792277,1.7766835117974866,1.6471349919056169,0.5935978430316327,1.8313271393143697,0.908921629161487
fa17,0.47916736150412065,0.9278693763385428,0.3409071404893241,0.09595365168907637,-0.9439543588055339,-0.28961043083614
fa18,1.9117376383054387,0.5695056783004581,2.1331105206557712,2.1845262176345264,2.624846216715715,1.8152637979259512
fa19,-1.0065854808427965,-1.4820544983993247,-0.18765435983888595,-0.5348556615160913,-1.0930999594007682,0.4360581843992776
fa20,0.5121298778034379,-0.018603744142306693,0.35713287016837597,-0.27304028378685324,-0.7481240747302651,0.3464163849017428
fa21,-1.8244676813773355,-1.1702288200481377,-0.675789468356511,-1.5727447021886698,-0.41729349934939103,-0.8415602045679518
fa22,0.41290724456393874,-0.621421256740418,-0.473461111774273,-0.7837868360930358,-1.3458944760347702,-0.785228653980114
fa23,-0.6596933057610841,-0.013542372920982293,-1.035577532860282,-0.5566648955603891,-1.101193684603619,-1.1574648908270515
fa24,-1.788211497726377,-0.3910412297740783,-0.9717732101898017,0.6777992507407629,-0.30113161654038734,0.2413542052822482
fa25,1.4353516965733168,2.020215254312472,-0.0783156981733034,1.3998586918740863,0.757201824477451,1.2926344670204184
fa26,-1.4681140504043062,-1.0890555936046364,0.9480569552887442,0.6412568187128843,-0.05556016419812831,0.492618214219653
fa27,1.8541601039482811,0.2616347319036906,0.6821954292337189,-0.44344471388651474,1.2797678145881288,0.4820985375612169
fa28,1.414521805616185,1.5586053038132708,1.119834226238351,-0.09106385647081122,0.19489593833568503,1.0062605772811801
fa29,-0.5996871845426721,0.5902248033951951,-0.9273631648559113,-1.3565948603688582,-1.7457604006398566,-2.448480914487374
fa30,-1.2022178308362539,0.22823248735673884,0.16298323317155602,-0.3496247684353704,-0.25642560770878087,0.3465651254091779
fa31,-0.18283532190357424,0.16641697108256645,0.1859767936488375,-0.773306051322806,-0.9609554288340758,1.7720247711627322
fa32,-0.4519031306814019,-0.9760007884473954,-0.7371251764086363,-0.7350448397133948,0.38337184196319274,-0.29652633544797585
fa33,1.6141813999736532,1.1640727000837447,0.8864765590349274,-1.4629076959343141,-0.8427652186983532,-0.39530782313093776
fa34,-0.4951420712588915,0.6182700012816935,0.8431060518662983,0.17483348272139237,-0.12567922341482268,-0.000700678415756319
fa35,-0.9721438024321009,-0.07987209089485142,1.1942565137528087,0.5540283508963063,0.6191729953167007,-0.30348169556238214
fa36,1.3772637732256774,2.5010646580059364,0.8395433937606758,1.435647258693695,0.47681467730065075,-0.0584543672644378
fa37,-0.2148783520891077,0.3491078271722384,0.7274350437008971,-1.379352059011955,0.21673602965647415,-0.1675670913133666
fa38,1.6960999123458302,1.2096520155849575,1.033691294531988,1.5614232851589014,-0.5536202787598087,-0.3784210376244614
fa39,-0.26850969712174483,-0.2135477693058408,-0.503505998877572,-0.42024884690627146,0.32542579767305857,-0.6627156090012839
fa40,0.7503367881630917,1.7290673810627901,0.5198956393007131,0.8801702064923157,1.026545882005017,1.0858656293614501
fa41,0.9646864188294035,0.7604632054940956,1.1087733470437773,0.40302580074886496,0.10580166057439976,0.4886343416967438
fa42,0.49628829309175765,0.8821714198798171,0.7192007740342995,0.3940263685313394,-0.4566541924346903,0.671586674484338
fa43,0.05101946600408919,-0.9213201653215497,-1.0879752716973357,0.4562932329898307,-0.6742949746163335,0.8771982014625168
fa44,-0.4782180130202165,-0.9727515926682494,-1.9246893201722404,1.3356088964249209,1.3846716256166456,1.717979900364937
fa45,-0.04175927680092029,-0.5812547287890933,-0.18411591073955363,0.24807919579860785,0.6970602491697936,-1.459446676152544
fa46,-0.16825202082476268,-1.019371347795368,-0.7511941078039013,-0.3958068723075218,-0.9596989248034512,-1.1394390453472376
fa47,-1.2968833090285103,-0.6027220272319099,0.11193034038674256,0.9409572656478485,1.1789738124393663,0.7089270569621119
fa48,0.7932060197065499,1.0694506587043195,1.3546048452027546,0.20342483781944984,1.496539677509173,0.5999395415963656
fa49,0.7029285508504813,-0.8488795521923259,-0.08255723690203777,-0.6095860361580538,-0.4358353177235575,-0.13752238700261862
fa50,-0.5195482917171796,0.47093196066744175,0.8605872463732551,-1.1745632017351744,1.0973024733467356,-0.7783503903886984
fa51,0.5979581605990288,-0.1457772187825903,1.9286330019569995,-0.9791905949602427,-0.7013543673245825,-1.8541318632115809
fa52,0.378760772294726,-0.4279089644181848,-0.05484580647101193,1.5297494794481596,-0.1769641896269797,0.585517455419021
fa53,0.2558768155477495,-0.9901400789245689,0.8285462750834415,-0.8815295495838085,-0.7042180882856857,-1.450992653371665
fa54,0.09612692416212192,-1.3699253720073012,-0.14802453485435121,0.3723897362713298,-0.8096865544647923,-0.2861260953746984
fa55,0.6842072995532688,0.20507338166266323,1.0710321475972042,0.8674730552883834,0.16241507927709517,1.1410854438868403
fa56,0.38505456685751827,-1.1167235770049813,-1.893047058200465,-0.4892843835463635,0.17475514247240312,0.2909997852357569
fa57,-1.5042793627377222,0.7173081535949822,-0.41068936279881857,0.4628582298444047,0.2509733991484454,-0.5332341973130792
fa58,-0.7614113680232695,-1.5565800795739255,-1.1408203876400496,0.793244159082989,0.11085773546903217,-0.17861232468107074
fa59,0.9571302838424297,-0.31295243977312875,-0.37063571259610606,0.6519343801594801,0.0628853504287173,0.4952945791431255
fa60,-0.05164433374803592,-1.2560513057980933,-0.35292075241297693,-0.49037906886721133,-0.12816962585544445,-1.4501475418625251
fa61,1.4434312150776358,2.441875157050892,-0.3215999547194877,1.7299784321161489,1.9191188717779044,0.6640998000615065
fa62,0.6152752309791224,-0.6346488793139684,1.0342724387952633,1.1140561068192159,0.43410097020104965,0.04105235940129277
fa63,-0.7003223693703435,0.27971053777515625,-1.3456680045236002,-0.7599080539871994,-0.4083070386466817,-1.6546715853568195
fa64,-0.6705348332508666,0.8532543359121398,-0.531568329805546,0.6273563061577445,1.5878814309852476,-0.03532327762881989
fa65,-1.3498280267515608,-0.8690308091212051,-2.621947959541467,0.09306570083938687,-1.6134503941912872,-0.4838319089056914
fa66,-1.3109040885765777,-1.5334988935357687,-0.6629977355454686,-2.0413035519347313,-2.20246262783003,-0.8690740849076067
fa67,-0.60424488360346,1.0418061216517127,-0.502575797089189,0.8353102329941419,-0.08843145709710619,2.0476413720981914
fa68,-1.4913037098683835,-2.3561996820338393,-1.538418335845317,0.2945375170772228,0.720692354588161,0.8705471830801834
fa69,0.9031017221798603,0.11078748890717692,0.2242788240941896,-0.40458317178566605,1.5242402586387975,-0.3349890796191468
fa70,-0.13115716958576773,-0.10143038582179081,-0.06074788014672955,-0.11797683860143929,-0.096310493334608,-0.033585748755080504
fa71,0.9348586022268893,0.8617207222192492,0.16996310662128816,0.39212471742865807,0.31979191733650875,-0.7654500832348499
fa72,-1.0679264640818493,0.16277811954716112,-0.5262906429132762,-0.7991723736429222,-0.5698714118093576,-0.2344181682061924
fa73,1.5921427176291338,0.138304789238099,1.712540075040582,0.00720686421481367,0.198208573979294,-0.03797478210398604
fa74,-0.1249735855560909,-0.3519782638208897,0.42326751048410177,0.9548208421065615,1.1837796095204711,0.07700484183468313
fa75,0.6206149850432077,0.005460695857716326,-0.6080014495988804,-2.0496072742391185,-1.4602289321730926,-2.4065731664864036
fa76,1.2631388155557617,0.5281754943845651,0.8082506155317819,0.849171792254361,1.1180964174720043,0.157281626752483
fa77,-1.115629454371997,-2.256699999893994,-1.8514222886088705,-1.7881172143476256,-0.8584022977840348,-0.59395742749215
fa78,-0.22999899998661527,-0.7649753641993913,-0.08295676157145586,-0.05695050556245833,0.559172592476616,0.15772298248899533
fa79,-1.2233515531103643,-1.0929955848750534,-1.7904359066217648,0.6993806870376952,0.9276641025573062,0.8249575701109054
fa80,-0.9052577529600387,0.3119209375854069,-1.0160996665101367,0.059232233679248125,-0.15015547873552404,0.48196539508622993
