__rowId__,q1,q2,q3,age,satisfaction,frequency
r1,0,0,2,35.56181781234242,3.6865671383257044,1
r2,1,1,0,41.750024474885485,2.6477692238397665,2
r3,0,2,1,39.01873723361996,3.616785177809062,3
r4,1,0,2,40.47003052566447,3.2489170972252306,2
r5,0,1,0,35.1443675574829,3.065169388316408,1
r6,1,2,1,45.728371260165716,3.4281225278001997,2
r7,0,0,2,34.698818545088386,3.6158857439184384,3
r8,1,1,2,40.678234302129205,3.5665302378632644,2
r9,0,2,2,37.55988368060925,3.738157582074564,1
r10,1,0,0,42.397537684119705,2.6858012402773754,2
r11,0,1,1,37.6518323147726,3.413583257935725,3
r12,1,2,0,41.51024189046018,2.9888298996861806,2
r13,0,0,1,34.099772088013026,3.4083128232530147,1
r14,1,1,0,39.8782778303982,3.496509743060444,2
r15,0,2,1,37.3771317831271,2.9471466290301485,3
r16,1,0,1,40.71065546320568,2.854870118961625,2
r17,0,1,0,38.48170019626453,3.3806172660321017,1
r18,1,2,1,45.67293876345186,3.086803533993447,2
r19,0,0,2,34.65266403236062,3.9823393877228552,3
r20,1,1,2,41.60109294631604,3.287722187515274,2
r21,0,2,2,37.2486530123245,4.078611975910957,1
r22,1,0,2,41.04899951536034,4.332459847516008,2
r23,0,1,2,34.56063725058172,3.5294573732485524,3
r24,1,2,2,44.11755488862329,3.917665976279537,2
